HIP,RA,Dec,pmRA,pmDec
145,0.45603512,-3.02750382,18.9,-10.25
154,0.490079,-6.01407212,46.62,-41.32
301,0.93495762,-17.33598771,28.57,-7.28
4366,13.99378853,27.20938091,-19.87,11.09
4371,14.00620874,-11.26652632,-26.79,-8.01
4427,14.17721554,60.71674038,25.65,-3.82
4436,14.18838148,38.49934462,152.78,36.82
4463,14.30166657,23.41764802,-43.72,-46.06
6193,19.86664622,27.26405858,26.21,-11.62
6242,20.02048422,58.23161078,-1.31,-2.19
6492,20.85395412,20.4689673,-5.59,-9.3
6537,21.00585424,-8.18325655,-78.38,-206.88
8198,26.34846064,9.15773579,70.82,38.99
10306,33.20035634,21.21099307,162.52,4.07
10324,33.24998125,8.8467173,-26.23,-14.4
12332,39.7041439,21.96140834,-7.08,-15.12
12387,39.87065299,0.32851065,14.44,-2.53
12390,39.89097607,-11.87215595,172.01,-236.31
12489,40.17114788,27.0609427,64.49,-27.29
14354,46.29413912,38.84027386,128.69,-106.61
14576,47.04221485,40.9556477,2.39,-1.44
14632,47.26674871,49.61327752,1262.29,-91.53
14668,47.37404785,44.8575437,173.01,-142.05
16537,53.23268409,-9.45826215,-976.44,17.97
16611,53.44698381,-21.63288274,44.91,-27.47
18532,59.4634614,40.01021467,12.61,-24.06
18543,59.50735988,-13.50851533,60.51,-111.34
18614,59.74125467,35.7910326,1.92,2.3
18673,59.98118081,-24.01621526,11.41,17.08
18724,60.17006562,12.49034659,-8.15,-11.98
20507,65.92021811,-3.74547033,-47.92,-56.73
20535,66.00923865,-34.01684639,73.77,57.57
20635,66.34235536,22.2938737,105.49,-44.14
20711,66.57693136,22.81358255,108.66,-45.83
22549,72.80151623,5.60510396,-3.62,1.03
22565,72.84359342,18.83986122,79.66,-32.76
22701,73.22362423,-5.45269507,-18.01,25.03
22797,73.56290198,2.44067205,1.43,0.23
22845,73.72386617,10.1508331,40.08,-128.37
24608,79.1723294,45.99799111,75.52,-427.13
24674,79.40162477,-6.84440942,-15.31,-9.57
24822,79.81917563,22.09649397,19.62,-81.08
24845,79.89385195,-13.1767885,-2.49,-4.74
24873,79.99593136,-12.31558519,-12.12,7.97
26634,84.91224946,-34.07410786,-0.1,-24.05
26640,84.93416238,25.89709109,9.75,-23.79
26727,85.18969642,-1.94257224,3.99,2.54
26777,85.323828,16.53414784,5.42,-14.54
28716,90.97993717,20.13845182,2.19,-2.81
28734,91.03006202,23.26334108,-2.6,-119.72
29034,91.88180321,-37.25292041,0.9,0.3
29038,91.89302018,14.7684717,4.95,-21.18
30788,97.04253297,-32.58007055,-13.78,24.24
30883,97.24077812,20.21213298,-5.98,-14.08
32768,102.48403461,-50.61455978,34.23,-65.85
32921,102.88769134,21.76114781,-6.11,-34.48
33018,103.19724251,33.96125399,-2.66,-47.67
33152,103.53313596,-24.18421076,-3.46,5.02
33160,103.54749079,-12.0386279,-139.04,-14.47
36917,113.845387,-28.36932346,-66.9,-18.71
36962,113.98060996,26.89574074,-39.58,-108.08
37096,114.34212614,-34.96853026,-13.65,16.53
37173,114.57519133,-25.36480433,-2.28,-6.7
37229,114.70779243,-26.8038363,-17.0,23.08
39177,120.19711413,17.30870304,-10.34,-2.73
41075,125.70879003,43.18813064,-25.62,-99.44
41307,126.41513455,-3.90642364,-66.05,-24.2
43023,131.50685182,-46.04152748,-12.23,4.82
43103,131.67425219,28.75989827,-20.69,-43.95
43109,131.6937942,6.41880927,-231.04,-40.17
45075,137.72942033,63.5136327,99.16,-60.96
45336,138.59107912,2.3142803,112.57,-306.07
45410,138.80771998,14.94150673,-39.61,-12.33
47431,144.96400779,-1.14281015,47.81,-62.92
47452,145.07651372,-14.33229221,-26.32,-19.25
49402,151.28112504,-13.06462598,-37.48,19.9
51585,158.04905741,14.13726962,-40.94,24.71
53417,163.90332353,24.74971832,-78.41,-14.89
55434,170.28414306,6.02932171,-91.76,-12.83
55642,170.9810513,10.52950862,140.75,-77.8
55687,171.15246271,-10.85932331,-24.14,24.46
57380,176.46482927,6.52937639,-19.65,-180.02
57632,177.26490656,14.57206032,-499.02,-113.78
59449,182.91296303,-52.36846029,-42.17,-18.39
59747,183.78631548,-58.74892785,-36.68,-10.72
59774,183.85650051,57.0326169,103.56,7.81
61622,189.42568082,-48.54130384,-186.61,-6.45
61740,189.81152882,-7.99556433,-77.3,-24.66
63494,195.14977993,-3.36848778,-19.39,49.42
63608,195.54415463,10.95915037,-275.05,19.96
65581,201.67986526,-12.70766416,-128.56,-21.22
67627,207.85808156,64.72327175,1.45,-4.55
67669,207.95666818,-32.99408951,-35.74,-30.14
67786,208.30224583,-31.92761234,-13.53,-10.74
67927,208.67116138,18.39771704,-60.95,-358.1
67929,208.67561164,-1.50312472,-85.06,-21.93
69673,213.9153001,19.1824103,-1093.45,-1999.4
69701,214.00362402,-6.00054666,-25.84,-419.84
69713,214.04137239,51.36723132,-149.98,89.42
69732,214.09591139,46.08830542,-187.42,159.01
69974,214.77746494,-13.37109491,-17.12,29.39
69996,214.85092485,-46.05809312,-12.81,-3.79
71681,219.89617026,-60.83715604,-3600.35,952.11
71795,220.2872992,13.72830024,52.36,-12.71
71860,220.48231508,-47.38820014,-21.15,-24.22
71865,220.48996231,-37.79349851,-29.56,-30.68
71957,220.76509742,-5.65820663,104.23,-319.9
72010,220.91433341,-35.17365526,-60.93,-176.82
73745,226.11142384,26.94764882,-176.31,-4.52
73807,226.27952355,-47.05124517,-23.39,-21.11
73945,226.65665094,-16.25681782,-36.41,-23.28
73996,226.82527458,24.86919552,184.81,-163.51
74087,227.09908784,26.30115255,1.14,-12.41
74117,227.2108967,-45.27985752,-17.32,-26.11
76041,232.94575727,40.8993325,-13.73,-14.92
76127,233.23242724,31.35913344,-19.62,-8.94
77853,238.45640848,-16.72929352,100.12,135.27
78072,239.11326153,15.66161688,311.2,-1282.17
78104,239.22115205,-29.21407322,-15.2,-25.1
78106,239.2254978,-33.96428074,20.26,-49.68
78159,239.39688262,26.8778799,-76.55,-60.24
78207,239.54737034,-14.27935849,-12.29,-16.77
79881,244.57457668,-28.61402047,-33.79,-100.59
79882,244.58037087,-4.69251067,82.39,40.08
79992,244.93515331,46.31336639,-13.15,39.31
80112,245.29715015,-25.59279641,-10.03,-18.03
80170,245.48005997,19.15313028,-47.44,44.61
82080,251.49268245,82.03726206,19.54,4.67
84012,257.59453052,-15.72491023,41.16,97.65
84143,258.03830643,-43.23918896,22.01,-287.41
84345,258.66191003,14.39033281,-6.71,32.78
86032,263.73362733,12.56003477,110.08,-222.61
86092,263.91495845,-46.5056839,-25.13,-38.32
86182,264.15689127,48.58563453,31.75,64.13
86201,264.23788371,68.75796966,1.34,321.05
86228,264.32971086,-42.99782386,6.06,-0.95
86263,264.39667273,-15.39855727,-39.3,-61.27
86284,264.46130363,-8.11877079,-11.7,-20.38
88149,270.06582758,4.36861526,1.78,-12.95
88175,270.12087728,-3.69026911,154.17,-44.43
88192,270.16131566,2.93156761,0.41,-8.22
88290,270.43832718,1.30507628,15.43,-13.61
88404,270.77049855,-8.18034926,15.11,-37.61
90156,275.97752727,58.80073609,-37.64,62.08
90185,276.04299301,-34.38461611,-39.61,-124.05
90422,276.74340114,-45.96845881,-16.68,-53.33
90496,276.99266896,-25.42170011,-44.81,-186.29
92308,282.21037591,-43.68004746,24.39,-20.84
92405,282.47048652,32.55105772,-11.76,-12.76
92420,282.51997782,33.36266704,1.1,-4.46
92512,282.80039775,59.38835076,77.56,25.43
94376,288.13875006,67.66154129,94.49,92.3
94481,288.43953147,39.1459682,-1.59,-0.61
96441,294.11056248,50.22110266,-8.15,262.98
96465,294.17680514,-24.883623,68.7,-23.19
96468,294.18032351,-1.2866009,1.89,-20.75
96483,294.22270556,-7.02747723,1.29,-2.69
98337,299.68928113,19.49214775,64.37,22.58
98353,299.73832815,-26.19576726,34.5,24.74
98412,299.93407757,-35.27630546,6.02,-25.15
98688,300.66450229,-27.70984484,32.28,14.35
98702,300.70446942,67.8735649,16.43,47.8
100453,305.5570912,40.25667924,2.43,-0.93
102422,311.32239594,61.83878197,86.08,817.89
102485,311.52388737,-25.27089759,-51.38,-156.66
102488,311.55284473,33.9702561,356.16,330.28
102532,311.66459285,16.12429621,-25.88,-196.27
102589,311.85224078,36.49071665,14.93,-8.2
102618,311.91896433,-9.49577573,31.89,-35.32
104459,317.39853222,-11.37169305,92.31,-15.76
104521,317.58541733,10.13157953,49.07,-151.85
104732,318.2341091,30.22691571,6.87,-68.12
104738,318.26278733,-39.42492195,187.36,-114.38
106723,324.27012962,-19.46601155,13.48,0.81
106786,324.43795564,-7.85420152,114.29,-24.44
108661,330.20927032,-28.45373653,14.81,0.3
108874,330.8285172,-2.15536296,24.81,-11.14
108917,330.94772431,64.62797127,214.46,89.29
110672,336.31926326,1.37740059,18.38,3.35
110778,336.64281397,-16.74213796,209.77,3.96
110960,337.20796732,-0.01997197,191.32,37.47
110991,337.29277618,58.41519853,16.47,3.55
112716,342.39792615,-13.59263187,-12.58,-38.8
112724,342.42006922,66.2004077,-66.1,-124.74
112748,342.50080334,24.60157928,144.11,-43.44
112935,343.10031448,9.83566452,521.86,44.1
112948,343.13139485,-32.87550403,-33.32,-22.15
112961,343.15364976,-7.57959928,19.51,32.71
114724,348.58066516,-6.04900282,46.22,-195.85
114855,348.97289447,-9.08773691,368.56,-17.02
114939,349.21224791,-7.72650369,-18.66,-15.43
114971,349.29140788,3.28228889,760.35,17.96
115033,349.47589677,-9.18251333,19.63,-9.64
116758,354.94611664,-14.2221779,51.8,-55.58
116771,354.98767042,5.62629159,376.32,-437.0
116805,355.10211725,44.33393168,81.33,-18.96
116901,355.44085819,-17.816533,13.93,0.11
116928,355.51169238,1.78004078,-129.55,-154.87
116971,355.68060053,-14.54490474,98.35,-66.78
117089,356.05032979,-18.27693776,27.6,-3.76
443,1.33392048,-5.7076182,-8.29,88.19
677,2.09691071,29.09043199,135.68,-162.95
746,2.29452113,59.1497796,523.39,-180.42
2548,8.09909149,6.95546321,45.91,3.54
2599,8.24996522,62.93178271,3.99,-2.1
4510,14.45896617,28.99221671,5.28,-7.77
6686,21.45396795,60.23528317,297.24,-49.49
6706,21.56359189,19.17234565,-26.8,10.16
8645,27.86513997,-10.33503772,38.78,-38.04
8796,28.27044954,29.57882927,12.02,-233.69
8832,28.38255961,19.29385177,79.43,-99.1
8833,28.38896,3.18753653,23.69,23.9
8886,28.59885632,63.67010151,31.98,-18.66
8903,28.66003816,20.80803505,96.32,-108.8
10644,34.26345869,34.22423111,1151.61,-246.32
10670,34.32861359,33.84719358,44.91,-52.42
10732,34.53140185,19.90116354,-16.07,0.9
12706,40.8251625,3.23581853,-146.43,-145.27
12719,40.86296995,27.70714655,3.51,-9.97
12770,41.03062458,-13.85869636,-7.58,-8.4
12777,41.04994313,49.22844773,334.03,-89.96
12828,41.23559307,10.1141459,285.17,-30.4
12843,41.27577129,-18.57256259,330.93,36.28
13061,41.97725287,29.24711818,148.42,-125.76
14817,47.82242336,39.61158237,-26.21,4.78
14838,47.90735613,19.72667738,154.61,-8.39
15110,48.72540048,21.04444121,-29.83,-77.15
16826,54.12241189,48.19263365,21.41,-27.58
16852,54.21826338,0.40166163,-232.69,-482.0
18907,60.78908352,5.98930513,5.52,-1.63
19038,61.17381506,22.08192566,91.73,-58.52
19167,61.64601411,50.35126182,-13.03,-36.37
19205,61.75189443,29.00129953,-94.03,4.9
20885,67.14373289,15.96218073,104.76,-15.01
20889,67.15416474,19.18043155,107.23,-36.77
21248,68.37730272,-29.7664919,-114.35,-271.56
22957,74.09281008,13.51446582,-77.77,-45.97
23015,74.24841152,33.16609031,3.63,-18.54
23123,74.63709138,1.71401579,-1.59,-7.93
25247,80.98678426,-7.80806458,-13.91,-44.8
25281,81.11923643,-2.39714624,-0.54,-3.21
25336,81.28276276,6.34970223,-8.75,-13.28
27072,86.11579339,-22.44838217,-292.42,-368.45
27204,86.49956252,-32.30643495,3.01,-22.62
27288,86.73891997,-14.82195004,-14.84,-1.18
27366,86.93912023,-9.66960478,1.55,-1.2
29426,92.98498257,14.20876508,-1.59,-20.23
29434,93.01366463,16.13040608,5.57,-16.77
31125,97.96402713,-23.41842159,-2.72,6.45
31416,98.76411763,-22.96479303,13.11,16.52
33302,103.90596197,-20.13649687,51.35,39.75
33345,104.02769064,-14.04342969,-1.7,6.89
33347,104.03427011,-17.05424211,-2.46,1.91
35264,109.28565178,-37.09746988,-10.57,7.0
35350,109.52324476,16.54038314,-46.09,-37.9
35550,110.03073983,21.98232055,-18.72,-7.76
37279,114.82549301,5.22499306,-716.57,-1034.58
37297,114.86390879,-38.30802124,-21.35,16.03
37300,114.86913551,17.67451877,2.26,1.34
37648,115.88494423,-28.41088473,-13.62,29.79
39429,120.89602782,-40.0031477,-30.82,16.77
41704,127.56612488,60.71816925,-134.31,-107.73
43409,132.63301402,-27.70984441,-133.49,88.16
45493,139.04719847,54.02185739,49.14,59.79
45688,139.71101495,36.80259678,-32.61,-123.78
45860,140.26375544,34.39256184,-222.8,14.78
47508,145.28763669,9.892308,-143.67,-37.45
47723,145.93293593,14.02169206,5.18,-6.13
49583,151.83313456,16.76266443,-1.94,-0.53
49637,151.97612834,9.99750785,-81.1,-64.2
49669,152.0929611,11.96720706,-249.4,4.91
49841,152.64698939,-12.35408295,-200.33,-100.28
51624,158.20279933,9.30658558,-5.57,-3.59
53740,164.94360292,-18.29878342,-462.39,129.11
53807,165.14020255,3.61749404,15.66,-16.24
53824,165.1866767,6.10144936,-51.03,-22.24
53910,165.46031999,56.38242679,81.66,33.74
53954,165.58239669,20.17984193,-9.6,39.57
55705,171.22051587,-17.68400965,-97.01,3.22
55765,171.40155647,16.4565387,-141.15,-4.89
55945,171.98433339,2.85626541,17.32,-10.41
57757,177.67382733,1.76471793,740.96,-271.18
57936,178.22716875,-33.90812431,-58.02,2.4
58001,178.45769772,53.69476008,107.76,11.16
59803,183.95154259,-17.54192947,-159.58,22.31
59847,184.08557527,23.94540896,-26.85,-5.91
60129,184.97648721,-0.66680331,-59.14,-23.13
60189,185.14017317,-22.21590122,-109.68,-27.71
61932,190.37932752,-48.95988844,-187.28,-1.2
61941,190.41517626,-1.44937487,-616.66,60.66
61960,190.47106888,10.23562538,82.62,-89.51
63945,196.569601,-48.46328926,-29.72,-14.68
64078,196.97421837,-10.74040808,16.03,-9.38
64238,197.48746449,-5.53900959,-35.08,-32.8
65936,202.76106938,-39.40730717,-15.65,-11.25
66006,202.99118799,-6.25581614,-103.8,-43.4
66098,203.24197067,-10.16499993,-30.72,-37.96
66249,203.67330011,-0.59582018,-278.89,48.56
68002,208.88494064,-47.28837511,-57.14,-44.75
68245,209.56777521,-42.10075343,-23.68,-19.82
68282,209.66978489,-44.80358412,-27.97,-21.69
70090,215.13929846,-37.88529479,-64.5,-11.39
70104,215.17742387,-45.18706031,37.17,-73.61
70300,215.75932876,-39.511819,-24.32,-21.81
72105,221.24674043,27.07422244,-50.65,20.0
74376,227.98364862,-48.73781871,-96.52,-47.97
74392,228.05537543,-19.79171054,-35.59,-32.55
74395,228.071229,-52.09924722,-113.94,-71.0
76219,233.54458663,-10.06452866,305.62,-234.12
76267,233.67195048,26.71469302,120.38,-89.44
76276,233.70061304,10.53886686,-72.63,3.17
76297,233.78519974,-41.166757,-16.05,-25.52
76333,233.88157906,-14.78953681,65.67,6.93
76470,234.25604093,-28.13507945,-13.26,-3.48
78265,239.71297035,-26.11410529,-12.0,-25.71
78384,240.03053401,-38.39670656,-16.58,-27.06
78401,240.08335942,-22.62170993,-8.67,-36.9
78493,240.36068726,29.85106144,-38.2,-6.9
78527,240.47227393,58.56525152,-320.07,334.96
78554,240.57371658,22.80445386,4.57,24.04
78592,240.69957561,46.03670491,56.01,-61.25
80331,245.9978587,61.51421312,-16.98,56.68
80343,246.02576647,-20.03732689,-21.48,-47.53
80463,246.35397192,14.03326957,39.39,-59.89
80473,246.39632325,-23.4471785,-5.61,-25.04
80569,246.75597864,-18.45625099,-5.58,-22.22
80628,246.95078039,-8.37173117,-67.26,-12.6
82396,252.54088739,-34.29323171,-611.83,-255.87
82514,252.96763467,-38.04737967,-8.84,-21.6
82671,253.49886208,-42.36202495,-0.48,-2.17
82673,253.5019647,10.1653591,-53.75,-34.68
84379,258.75796073,24.83920414,-21.14,-157.68
84380,258.76180979,36.80916183,-27.35,2.7
84405,258.83740933,-26.60282934,-473.69,-1143.93
84606,259.41772717,37.29149825,-42.74,63.76
86414,264.86619338,46.00633181,-7.17,3.97
86565,265.35363893,-12.8753069,-72.16,-55.22
86614,265.48482361,72.14884347,26.6,-269.77
86670,265.62197877,-39.02998302,-6.49,-25.55
86736,265.85747282,-21.68319399,-97.93,-44.57
86742,265.86813797,4.56730281,-40.67,158.8
88601,271.36368986,2.50009948,124.56,-962.66
88635,271.45202872,-30.42409129,-55.75,-181.53
88714,271.65779638,-50.09147713,-8.43,-9.26
88771,271.83743427,9.56384719,-61.6,79.71
88794,271.88562777,28.7624885,-0.17,7.51
90887,278.08887918,-39.70400085,31.98,-37.62
90905,278.1438443,57.04559904,0.32,-7.09
92630,283.11346085,-46.59511911,29.04,0.14
92761,283.54240472,-22.74483405,2.95,-5.7
92782,283.59939447,71.29719191,48.59,42.11
92791,283.62618249,36.8986131,-6.73,3.26
92855,283.81635716,-26.29672225,13.87,-52.65
92946,284.0549266,4.20359514,37.69,26.98
94643,288.88511604,-25.25668251,47.56,-31.16
94648,288.88773438,73.35546795,-116.6,104.25
94713,289.09206275,38.13373077,-0.49,1.23
94779,289.27570325,53.36845943,60.22,122.93
94820,289.40866411,-18.95290801,-10.05,-10.64
96665,294.79850601,5.39777322,2.08,-3.78
96683,294.84419004,30.15332117,1.95,36.07
96757,295.02413251,18.01389046,15.09,-19.72
96808,295.18076475,-16.29326756,69.65,-50.2
96837,295.26224687,17.47604116,9.06,-33.9
98823,301.03464661,7.27796579,14.24,12.97
100881,306.83004095,-18.21172075,10.32,-10.87
101027,307.21505826,-17.8136869,-15.79,-7.66
101093,307.3953547,62.99410487,45.0,-13.31
101123,307.47461485,-18.58317785,25.56,-79.45
101138,307.51475272,48.95156896,10.01,7.64
102978,312.95537911,-26.91913259,-7.97,-2.54
103045,313.16347329,-8.98331781,47.06,-32.91
103127,313.4174407,-39.8098646,44.22,-97.24
104858,318.62006328,10.00698105,42.32,-303.43
104887,318.69788169,38.045317,195.74,410.02
104963,318.90791711,-20.65169596,15.39,-2.24
104987,318.9559653,5.24784463,59.63,-94.33
105102,319.35397027,39.39468139,0.43,-3.61
105140,319.48451988,-32.17253927,55.46,-22.12
105199,319.64488119,62.58557261,149.91,48.27
106944,324.88860753,2.2435584,-32.7,-84.17
106985,325.02273477,-16.6623077,187.39,-22.33
107095,325.38691422,-14.04761057,-122.06,-308.64
107188,325.6646132,-18.86632305,145.9,-9.05
107259,325.87692018,58.78004608,5.24,-2.88
109068,331.41979781,5.05853048,101.6,101.19
109074,331.4459822,-0.3198507,17.9,-9.93
109139,331.60929021,-13.86967906,40.45,-57.16
109176,331.75277532,25.34511155,296.73,26.93
109285,332.09587026,-32.98846846,80.05,-28.88
111045,337.44174625,-27.10728417,119.31,-20.31
111123,337.66173361,-10.67795002,1.79,-26.26
111188,337.87637809,-32.34607343,59.64,-18.7
113136,343.66255214,-15.82082024,-44.08,-24.81
113186,343.80696948,8.81616592,81.88,29.03
113246,343.9870813,-32.53962827,10.84,30.32
113368,344.41269372,-29.62223615,329.22,-164.22
115227,350.08576289,5.38130731,78.53,-59.35
115250,350.15934413,23.74033698,30.48,-9.14
115438,350.74261152,-20.10058008,-120.27,-96.7
910,2.81607181,-15.46797744,-84.2,-269.31
1067,3.30897012,15.1835959,4.7,-8.24
1170,3.66006652,-18.93286561,-27.15,-73.78
2912,9.22020689,33.71934362,15.23,-3.56
2920,9.24285251,53.89690937,17.77,-9.15
3031,9.63894077,29.31175144,-229.41,-254.08
3092,9.83198236,30.86102393,115.38,-83.05
3179,10.12683548,56.53733109,50.36,-32.17
4906,15.73586845,7.89013546,-80.57,25.88
5131,16.42064722,21.47318139,44.3,-14.32
5310,16.98818032,20.73911258,85.43,-85.81
6999,22.52542734,47.00727374,0.64,-42.53
7007,22.5463128,6.14382046,293.23,-46.36
7097,22.87087261,15.34582301,25.73,-3.29
9110,29.33772674,17.81753177,34.28,-23.71
9312,29.90849238,64.62160195,35.76,-15.22
9347,30.00128317,-21.07783155,133.01,-24.53
11345,36.48752198,-12.29047964,-11.71,-11.37
13209,42.49596812,27.26050706,65.47,-116.59
13254,42.64608204,38.31864364,195.68,-108.92
13268,42.67420868,55.89549611,16.64,-13.76
13288,42.7596731,-21.00401932,-39.0,-16.63
13327,42.87327848,15.08207065,31.26,-23.29
15197,48.95843559,-8.81972986,-3.82,45.52
15474,49.87917471,-21.75786384,51.35,32.2
17351,55.70856433,-37.31351844,-90.81,-71.42
17358,55.73126161,47.78755139,23.83,-41.93
17378,55.81209088,-9.76339465,-91.71,742.23
17448,56.07971679,32.28824817,8.11,-10.32
17499,56.2189055,24.11333922,21.55,-44.92
17529,56.29846606,42.57854862,-14.59,1.75
17531,56.30206043,24.46727761,19.35,-41.63
17593,56.53556491,-12.10158939,55.59,60.03
19343,62.1653782,47.71251275,20.19,-33.26
19513,62.70775376,26.48095174,-30.81,-36.1
19587,62.96641752,-6.83758114,11.92,81.28
21393,68.88766065,-30.56234148,-48.92,-12.75
21402,68.913584,10.16078965,44.89,-52.42
21421,68.9801611,16.50930139,62.78,-189.36
21444,69.07975664,-3.35245903,1.73,-4.54
21476,69.1726226,41.26480803,-5.42,-19.19
21589,69.53942698,12.51083801,101.73,-14.9
23364,75.35976995,-7.17396548,-0.23,5.16
23416,75.49222568,43.82330836,0.18,-2.31
23453,75.61952888,41.07583744,8.88,-21.43
23497,75.7739472,21.58996241,68.94,-40.85
23607,76.14228959,15.40410527,18.4,-30.99
23685,76.3652677,-22.37103258,19.27,-72.35
25428,81.57297249,28.60745001,23.28,-174.22
25473,81.70928488,3.09567448,0.34,-1.11
25539,81.90868809,21.93696527,1.75,-6.96
25541,81.91202636,34.4758921,-1.44,-38.81
25606,82.06134664,-20.75944097,-5.03,-85.92
27468,87.25403003,24.5675349,12.07,-8.16
27628,87.73997037,-35.76830865,55.74,404.68
27654,87.83039904,-20.87908866,228.96,-647.96
27673,87.87249592,39.14848031,8.48,0.39
27810,88.27867158,-33.80136075,-4.52,32.4
27830,88.33185862,27.61226208,3.82,-9.58
29655,93.71940501,22.50679887,-62.53,-10.24
29696,93.84453777,29.49807609,-70.9,-261.73
29704,93.85469975,16.14317514,1.61,-12.66
29800,94.11091508,12.27216306,83.07,186.28
29807,94.13806515,-35.1405187,0.39,87.58
31592,99.17098928,-19.2558792,62.32,-69.91
31681,99.42792124,16.39925217,-2.04,-66.92
31685,99.44029726,-43.19593364,-0.43,-3.99
31700,99.47259046,-18.23747772,-6.86,-8.47
32759,102.46024639,-32.5084777,-9.18,4.04
33579,104.65645182,-28.97208374,2.63,2.29
33977,105.75613571,-23.83329091,-1.56,4.28
35846,110.86879684,25.05053128,-66.59,-28.44
35904,111.02376056,-29.3031036,-3.76,6.66
36046,111.43165048,27.7980804,-121.28,-84.43
37677,115.95195447,-28.95482577,-4.57,3.88
37740,116.11189245,24.3979926,-22.45,-56.24
37819,116.31373311,-37.96858397,-10.77,5.97
37826,116.32895983,28.02619862,-625.69,-45.95
37908,116.53103014,18.51004352,-75.55,-51.53
38070,117.02153444,-25.93716858,-10.22,4.92
39757,121.88603686,-24.30432404,-83.29,46.38
39780,121.94106543,21.58181596,23.08,-67.23
39953,122.383126,-47.33658771,-5.93,9.9
40091,122.83955625,-39.61854551,-8.91,3.1
40096,122.85788573,-42.9872777,-5.33,4.6
41822,127.89887525,18.09442038,-60.05,-56.5
41909,128.17707063,20.44116182,-44.65,-44.71
42080,128.65050837,65.14517019,-47.06,-42.5
43813,133.84844309,5.94556331,-99.76,14.65
43825,133.88154271,-27.68187118,83.0,-100.92
44066,134.62175702,11.85770096,41.45,-29.22
44127,134.80189116,48.04182647,-441.12,-215.21
44191,135.02253575,-41.25360521,-40.67,54.59
45941,140.52840967,-55.01066799,-10.72,11.24
46146,141.16357964,26.1823241,-31.13,-48.06
47908,146.46280429,23.77425466,-46.09,-9.57
48319,147.74732429,59.03873553,-294.45,-151.75
50335,154.1725706,23.41731066,19.84,-7.3
50372,154.27413109,42.91436491,-170.11,-42.64
52085,159.64563744,-16.87657185,-98.57,26.75
54061,165.93195289,61.7510332,-136.46,-35.25
54182,166.25428061,7.33600733,-344.41,-47.4
54204,166.33294757,-27.29361236,-190.74,-6.87
56211,172.8509187,69.33107594,-41.14,-18.79
56343,173.25048102,-31.85762516,-209.09,-41.6
58188,179.0039732,-17.15082863,-49.07,-8.23
62267,191.40440814,7.67332578,-108.93,4.53
62434,191.93026305,-59.68876362,-48.24,-12.82
64407,198.01476264,-16.19860153,96.17,-287.23
66657,204.97191001,-53.46639378,-14.6,-12.79
68523,210.43122999,-45.60342079,3.89,-20.94
68702,210.95585201,-60.37303931,-33.96,-25.06
68756,211.09729071,64.37585051,-56.52,17.19
70497,216.2991518,51.85074357,-236.06,-399.07
70576,216.54505337,-45.37927638,13.55,-6.35
70692,216.88142952,75.6959929,8.71,22.09
70755,217.05057524,-2.22795719,-140.94,-2.92
72489,222.32938051,-14.14902182,-65.89,-14.79
72607,222.67636006,74.15550491,-32.29,11.91
72622,222.71963807,-16.04177818,-105.69,-69.0
74596,228.62149336,29.16429476,-69.99,28.32
74604,228.65549679,-31.51912119,-9.72,1.83
74666,228.87567917,33.31483347,84.84,-110.57
74785,229.25172845,-9.3829174,-96.39,-20.76
74857,229.45766251,-30.14867319,-8.71,-4.47
74911,229.63342085,-47.87527178,-31.74,-32.82
76600,234.66403964,-29.77775386,-22.1,-26.54
76742,235.07039743,-23.81807829,-15.62,-8.18
76852,235.38773012,19.67040059,-59.86,-43.23
76880,235.48665872,-19.67882804,-33.21,-104.33
76952,235.68568764,26.29563742,-112.52,50.7
78727,nan,nan,nan,nan
78820,241.35929462,-19.80545336,-6.75,-24.89
78918,241.64810321,-36.80228846,-15.84,-31.06
78933,241.70177456,-20.66919247,-10.55,-23.73
79043,242.01885653,17.04698022,-34.29,-5.46
80763,247.35192046,-26.43200249,-10.16,-23.21
80816,247.55499986,21.48961328,-98.43,-14.49
80883,247.7284288,1.98392313,-31.37,-73.0
80894,247.78486581,-16.61273261,-44.57,-38.04
80975,248.03416357,-21.46638977,20.21,36.23
82729,253.64585529,-42.36131277,-126.55,-227.77
82860,254.00704079,65.1347956,238.05,50.84
83000,254.41707231,9.37503268,-293.03,-9.7
83081,254.65504861,-55.99014085,-18.31,-35.29
84835,260.08800741,46.24077993,-29.83,40.92
84880,260.20692137,-12.84687539,42.75,2.72
84893,260.2515588,-21.11293262,262.01,-204.74
84970,260.50241,-24.99954543,-8.84,-23.64
85112,260.92060269,37.1459463,-38.58,9.19
86974,266.61469538,27.72067625,-291.42,-750.0
87072,266.89010281,-27.83078848,-3.62,-10.67
87073,266.89617277,-40.12699753,0.44,-6.4
87108,266.97316882,2.70727617,-23.15,-75.12
90982,278.3757739,-42.31250982,32.48,-21.03
91262,279.23473511,38.7836918,201.02,287.46
92989,284.16873801,-37.34324095,8.79,-23.68
93085,284.43250651,-21.1066543,34.91,-12.33
93174,284.68073845,-37.107357,-132.25,-110.45
93194,284.73592771,32.68955742,-2.76,1.77
93279,285.00344017,32.14551421,6.13,9.75
95081,290.16704983,65.71453144,14.09,41.61
95168,290.41816155,-17.84719749,-26.95,22.24
95176,290.43176295,-15.95501757,1.79,-6.27
95241,290.65955207,-44.45896465,7.31,-22.43
95347,290.97156872,-40.61593993,32.67,-120.81
97063,295.88970937,-15.47010548,135.55,-185.17
97165,296.24365768,45.13080969,43.22,48.44
97278,296.56491454,10.6132612,15.72,-3.08
97290,296.59058063,-19.76111311,-128.89,-89.81
97365,296.84692668,18.5342861,-4.58,11.1
97433,297.0431338,70.26793017,80.18,39.02
99255,302.22227861,77.71141943,11.11,23.72
99473,302.82618951,-0.82146099,35.48,6.05
101421,308.30321322,11.3032628,10.75,-28.54
101483,308.48767775,13.02725466,76.49,21.89
103413,314.29340932,41.16713558,8.51,-23.97
105515,320.5616509,-16.83454243,30.83,5.26
105570,320.72338629,6.81114048,52.66,11.15
107315,326.04649214,9.87501126,30.02,1.38
107354,326.16139335,25.64503558,46.66,13.47
107380,326.23670806,-33.02578153,31.79,-94.0
107382,326.25106066,-9.08242844,12.96,-1.65
107517,326.63374272,-11.36595449,30.36,-9.25
107556,326.76018807,-16.12728595,263.26,-296.23
107608,326.93395765,-30.89830426,-34.53,0.64
109410,332.49685019,33.17822387,-12.34,-17.94
109427,332.54993837,6.19786491,281.96,31.23
109472,332.6561761,-11.56493952,29.74,8.02
109492,332.71365289,58.20126083,13.35,4.49
109556,332.87740018,59.41448763,-7.22,-11.06
111497,338.83908579,-0.11749758,88.56,-56.1
111710,339.43908758,-4.22805572,-68.36,-120.47
113726,345.48026764,42.32597924,22.47,0.24
115623,351.34493397,23.40410107,193.12,36.47
115669,351.51160877,-20.64201427,-50.13,-62.97
115738,351.73314692,1.25560806,85.6,-94.43
115830,351.99206304,6.37899212,-123.83,-43.26
117629,357.83890925,-18.90916324,26.6,-3.56
117863,358.59596834,57.49938213,-4.54,-3.45
1366,4.27290947,38.68163564,-50.01,-17.9
1473,4.5819037,36.78522405,-66.51,-42.48
1562,4.8569773,-8.82392145,-14.37,-37.84
3419,10.8973794,-17.9866046,232.79,32.71
3455,11.04750551,-10.60955044,-6.96,-113.88
5346,17.09249309,5.64981907,-248.4,-165.49
5364,17.1474649,-10.18226422,215.81,-138.33
5434,17.37552272,47.24179245,3.81,-13.02
5447,17.43301493,35.6205577,175.59,-112.23
5542,17.77567508,55.14990064,226.62,-19.34
5544,17.77819712,31.42473633,-8.7,-12.02
5571,17.8634175,21.03465004,41.66,-10.55
5586,17.9151534,30.08963821,74.29,-37.61
7513,24.19934491,41.40545884,-172.57,-381.01
7535,24.27465281,12.14153479,-74.9,9.96
7607,24.49815046,48.62821317,60.9,-112.42
7719,24.83750969,44.38616461,-20.49,14.95
9487,30.5117503,2.76375946,33.29,-0.42
9640,30.97480447,42.32972473,43.08,-50.85
11484,37.03976038,8.46005355,41.72,-14.46
11767,37.95451535,89.26410951,44.22,-11.74
11783,38.02178461,-15.2446768,-80.92,-146.84
13531,43.56441901,52.7624789,-1.99,-4.53
13654,43.95207421,18.33163983,-8.08,-14.91
13701,44.10687368,-8.89814446,77.73,-219.99
13847,44.56531119,-40.30467242,-53.53,25.71
13879,44.69029205,39.66272854,25.88,-40.67
15737,50.68850607,20.74206893,-49.22,-14.88
15863,51.08070979,49.86117959,24.11,-26.01
15900,51.20330738,9.02886984,-74.25,-80.31
17651,56.71203143,-23.24972265,-159.86,-528.54
17717,56.91521237,-23.8746767,48.02,49.01
17771,57.06778675,11.14329389,28.25,-29.82
17797,57.14949492,-37.62015476,75.83,-10.69
17847,57.29059399,24.05341547,17.77,-44.7
17874,57.3635215,-36.20025014,-49.42,-56.63
17954,57.57890965,25.57936194,36.37,-117.95
19811,63.72215672,40.48367149,9.72,-21.58
19812,63.72442567,48.40933095,5.04,-17.35
19849,63.81800057,-7.65287058,-2239.33,-3419.86
19860,63.88357189,8.89235703,20.39,-21.75
19949,64.17953476,53.6117991,-16.99,-1.68
19990,64.31525283,20.57859097,-40.88,-61.45
20042,64.47359293,-33.79834786,62.31,-6.75
21881,70.56125702,22.95692604,-2.84,-20.33
23767,76.62871992,41.23447447,30.6,-68.41
23835,76.8625253,18.64505209,536.05,18.51
23871,76.95165826,20.4183787,-49.12,-31.33
23875,76.96243797,-5.08644618,-83.39,-75.44
23972,77.28659571,-8.75408096,0.0,-2.01
24010,77.42481287,15.59723234,-7.12,-16.14
25813,82.69604907,5.94813905,6.57,-32.45
25859,82.80314914,-35.47051883,28.36,-34.11
25861,82.81055254,3.29213294,1.28,-0.89
25923,82.98274987,-7.30153704,-0.54,-4.44
25930,83.00166968,-0.29909204,1.67,0.56
25945,83.05312933,18.59423429,-0.34,-4.51
25984,83.18197064,32.19202168,-1.81,-4.0
25985,83.18256633,-17.82228853,3.27,1.54
26126,83.56988721,3.7668951,-29.35,-15.82
27913,88.59576026,20.27617455,-163.17,-98.92
27949,88.71159201,55.70694671,-3.65,17.2
27989,88.7929386,7.40706274,27.33,10.86
28103,89.10122041,-14.16770015,-42.23,139.02
28199,89.38420824,-35.28327968,-2.65,11.19
28237,89.49856601,25.95391186,-2.85,-1.69
30122,95.07830229,-30.0633673,8.0,3.81
30277,95.52845101,-33.43640007,-24.19,-52.48
32246,100.98302496,25.13112417,-5.93,-12.81
34045,105.93955289,-15.63328598,-0.81,-11.2
34088,106.02721594,20.57029706,-5.72,-0.96
36188,111.78767771,8.28931548,-50.28,-38.45
36238,111.93484743,21.44524741,-49.56,-123.9
36377,112.30762638,-43.30143257,-59.86,188.73
38164,117.30956295,-46.37320532,-4.62,9.04
38170,117.3235632,-24.85978574,-5.56,-0.71
38414,118.05431177,-40.57578601,-13.89,5.3
38455,118.1610258,-38.86281229,-9.49,4.02
40326,123.51217267,-40.34789019,44.84,-65.79
40526,124.12883578,9.1855447,-46.8,-48.65
42312,129.41097124,-42.98908069,-10.38,9.47
42313,129.41402575,5.70378169,-70.27,-6.99
42402,129.6893236,3.34143518,-19.03,-16.29
42515,130.02559777,-35.30835239,9.68,-21.18
42527,130.05341092,64.32793601,-59.42,26.44
42536,130.07327243,-52.9218873,-24.62,35.09
42570,130.15654138,-46.64874449,-6.3,4.29
44248,135.15987807,41.782911,-487.67,-219.29
44390,135.63621691,67.62961897,-22.08,18.15
44405,135.68443911,24.45291523,-2.56,-7.13
44471,135.90636137,47.15652471,-37.37,-55.39
46390,141.89684698,-8.65860253,-14.49,33.25
46404,141.9449187,-6.07118721,-232.83,-65.21
46509,142.28707376,-2.76896393,100.93,-3.15
46651,142.67500055,-40.46676938,-147.14,48.65
48356,147.8695573,-14.84660315,18.68,-21.88
48402,148.02648325,54.06433236,-4.21,19.18
48455,148.19090535,26.00695149,-216.29,-54.92
50583,154.99314355,19.84148873,310.77,-152.88
52457,160.85398267,23.18840452,-116.66,8.27
52689,161.60532259,14.19464484,-125.33,-64.92
54539,167.41586845,44.49848682,-62.35,-27.38
54682,167.91453864,-22.82584719,4.73,-99.06
56633,174.17047243,-9.80224683,-59.32,2.82
56647,174.2372109,-0.82374868,1.3,43.43
58590,180.21829228,6.61432243,-0.25,-29.71
58948,181.30224822,8.73298544,-220.32,57.52
60718,186.64956584,-63.09909166,-35.37,-14.73
60742,186.73446813,28.2684229,-83.41,-80.99
60823,187.00992483,-50.23063496,-32.49,-12.41
60965,187.4660642,-16.51543255,-209.97,-139.3
62956,193.50728928,55.95982116,111.74,-8.99
62985,193.58818053,-9.5389944,-18.26,-19.72
63003,193.64843683,-57.17792409,-30.45,-13.55
64924,199.60131085,-18.31119618,-1069.9,-1063.78
64962,199.73040326,-23.17151233,68.41,-41.09
65109,200.14924004,-36.71229493,-340.76,-87.98
66803,205.40323586,-8.70298428,-91.65,40.28
66821,205.43654531,-54.55942517,-43.65,-24.58
67153,206.42185517,-33.04372133,-461.85,-146.17
67457,207.36133803,-34.45077587,-42.59,-59.87
68862,211.51152954,-41.17963292,-24.42,-21.63
68895,211.59290444,-26.6823611,43.05,-140.82
68933,211.67061857,-36.36995445,-519.29,-517.87
71053,217.95745802,30.37143717,-100.44,120.22
71075,218.0194663,38.30825261,-115.55,151.87
73273,224.63302849,-43.13396008,-34.06,-38.3
75097,230.18214784,71.83401605,-18.03,17.68
75141,230.34300711,-40.64751791,-19.11,-24.05
75264,230.67029542,-44.68962207,-20.25,-20.13
75312,230.80129685,30.2878122,125.77,-176.48
77048,235.99708548,32.51580692,-28.8,-8.69
77055,236.01466385,77.79449293,20.07,-2.5
77070,236.06697851,6.42562699,134.66,44.14
77233,236.54690158,15.42182561,68.54,-41.31
77257,236.61088855,7.35307319,-225.51,-68.52
79101,242.19240795,44.93490599,-25.98,35.86
79374,242.99889379,-19.46070821,-9.7,-25.25
79404,243.07585385,-27.92637196,-10.31,-23.17
81126,248.52575889,42.437041,-9.03,59.8
81266,248.97064054,-28.21601625,-8.59,-22.5
81377,249.28974079,-10.56708997,13.07,25.44
83153,254.89603227,-53.16043772,1.12,21.53
83207,255.07239072,30.92640462,-47.68,26.89
83313,255.40150446,33.56826983,2.46,0.25
85258,261.32495294,-55.52988403,-8.23,-24.71
85267,261.34857936,-56.37772676,-0.77,-15.85
85340,261.59256716,-24.17530951,-1.97,-117.69
85379,261.68434357,48.26006484,0.22,-3.02
85423,261.8386404,-29.8670334,14.38,-137.41
87261,267.46450837,-37.04330355,42.09,27.77
87585,268.38220612,56.87264281,93.65,78.44
89341,273.44087411,-21.05883369,1.72,-1.39
89642,274.40681271,-36.76168598,-129.27,-166.61
93506,285.65297476,-29.88010539,-14.1,3.66
93542,285.7786518,-42.09510461,55.74,-45.33
93683,286.1707572,-21.74149568,76.26,-58.08
93747,286.35253418,13.86347817,-7.04,-95.31
95477,291.31871418,-24.50857507,63.61,-51.9
95501,291.3745854,3.1147753,253.06,80.67
97496,297.24441613,19.1420424,17.91,26.47
97649,297.69582916,8.86832198,536.82,385.54
97675,297.75684431,10.41572697,240.09,-134.51
97804,298.11819944,1.00566053,6.94,-7.3
99572,303.10779499,-12.61749756,193.25,-195.6
99675,303.40794272,46.74132872,4.2,1.87
99848,303.86800672,47.71420822,3.88,1.2
101589,308.82723064,14.67421328,45.08,11.71
101769,309.38725441,14.59508707,118.28,-47.65
101800,309.45466616,11.37767596,40.01,-8.51
101882,309.68327632,13.31512472,2.66,-0.39
101916,309.78243422,10.08620317,323.58,21.07
101923,309.81799098,-14.95476011,2.58,-19.66
101958,309.90953078,15.91207193,54.14,7.91
103738,315.32275094,-32.25776727,-2.09,-0.19
103882,315.74147434,-38.63144716,-27.86,-108.81
104019,316.10125178,-19.85499065,-39.01,-24.45
105854,321.59530626,-37.82942941,167.05,-10.91
105881,321.66677526,-22.41133249,-2.61,18.88
106032,322.16498797,70.56071603,12.6,8.73
106039,322.18083418,-21.80717988,133.97,-5.47
108036,328.32404854,-13.55176811,313.03,13.67
108085,328.48218523,-37.36485231,95.88,-12.1
109789,333.57813081,-27.76690756,22.88,1.9
109857,333.75912456,57.04358673,476.45,50.0
110003,334.20848509,-7.78329031,118.95,-21.91
111954,340.16391659,-27.04361694,22.01,-0.88
112029,340.3655033,10.83136442,77.38,-10.98
112051,340.43920158,29.30764069,-2.03,-19.96
112158,340.75057261,30.2212452,13.11,-26.11
112211,340.896805,-18.83037526,-31.4,-28.02
113881,345.94357301,28.08278909,187.76,137.61
113889,345.96922513,3.82004536,12.86,-10.13
113963,346.19022409,15.20526442,61.1,-42.56
113996,346.29078154,-7.69380135,123.46,7.07
114119,346.67018938,-23.74311551,59.9,0.53
116247,353.31926464,-20.91450406,-2.55,8.64
118209,359.66823972,-3.55598321,-56.52,-72.34
118243,359.75224729,55.75492832,9.26,-5.09
118268,359.82787346,6.86332112,148.49,-112.16
1645,5.1494233,8.19027134,-4.5,9.59
1686,5.28028766,37.96860317,58.32,-39.65
3693,11.83468919,24.26717799,-101.23,-81.89
3786,12.17060122,7.58507917,83.14,-50.48
3821,12.27621323,57.81518734,1087.11,-559.65
3849,12.35673214,-13.56127432,103.34,-105.83
3881,12.45353036,41.07891087,22.68,-18.05
3885,12.47152416,27.71028626,86.54,-10.2
3909,12.53162924,-10.64432569,-224.67,-228.44
5737,18.4328572,7.57535376,141.66,-55.62
5742,18.4372798,24.58371315,18.58,-21.26
6061,19.44981588,3.61446601,-48.38,-22.37
7818,25.14507074,40.57704912,16.67,-23.5
7884,25.35789264,5.48761322,-22.73,3.61
8068,25.91515608,50.68873247,24.08,-13.59
8102,26.01701214,-15.93748006,-1721.82,854.07
9884,31.79336293,23.46242313,190.73,-145.77
10064,32.38594522,34.98729693,148.78,-39.13
12093,38.96863365,5.59324631,-28.89,-22.76
13914,44.8030237,21.34042885,-13.04,-6.55
13954,44.92875737,8.90736485,9.22,-14.92
14135,45.56988401,4.08973396,-11.81,-78.76
14146,45.59791746,-23.62447166,-145.96,-55.76
14168,45.67614498,-7.68547178,26.33,-3.55
16083,51.79230269,9.73267975,53.61,-38.12
16322,52.60195391,11.33644221,-11.71,-16.08
16335,52.64368152,47.99521606,1.56,18.13
18216,58.42792843,-24.61222998,30.93,-7.18
18246,58.53300625,31.88363552,4.41,-9.15
20070,64.56090838,50.29550228,46.59,-56.43
20205,64.94834891,15.62764232,115.29,-23.86
20250,65.0883987,27.35075361,-29.04,-76.97
20354,65.38819502,46.4988779,21.41,-34.97
20430,65.64559841,25.62931425,20.37,-17.88
22109,71.37562968,-3.25465749,17.27,-13.51
22449,72.46004413,6.96127568,463.44,11.62
24244,78.07459272,-11.86921875,24.95,-31.22
24305,78.23292017,-16.20546821,45.66,-16.13
24327,78.30782374,-12.94129154,-12.22,-1.32
24436,78.63446812,-8.20164055,1.87,-0.56
26207,83.78448789,9.93415842,-1.03,-1.86
26220,83.81592671,-5.38731504,-0.92,0.13
26237,83.8465174,-4.83835783,4.29,-7.15
26241,83.8582603,-5.90990135,2.27,-0.62
26248,83.86304209,24.03958878,14.98,-20.22
26311,84.05338934,-1.20191983,1.49,-1.06
26451,84.4111907,21.14254914,2.39,-18.04
26563,84.72117914,-7.21282887,-15.0,-49.55
28328,89.78668859,-42.81513544,18.53,-11.45
28358,89.88181908,54.28465615,86.31,-134.05
28360,89.88217889,44.94743278,-56.41,-0.88
28380,89.93028743,37.21258518,42.09,-73.61
28614,90.59582821,9.64727656,14.19,-37.44
30324,95.67493869,-17.95591772,-3.45,-0.47
30343,95.74011257,22.51358585,56.84,-108.79
30438,95.9879578,-52.69566046,19.99,23.67
32349,101.28715539,-16.71611582,-546.01,-1223.08
32362,101.32235265,12.89559111,-115.16,-190.91
34444,107.09785107,-26.39319967,-2.75,3.33
34693,107.78487783,30.24516301,-31.0,-48.4
36514,112.67750874,-30.96228109,-11.74,0.84
36616,112.95165393,17.08604591,42.65,-75.39
38827,119.19464272,-52.98235988,-28.38,16.76
38835,119.21474805,-22.88011864,-29.61,12.28
42726,130.60577595,-53.11398421,-24.88,23.21
42799,130.80614655,3.39866225,-19.14,-1.29
42806,130.82144197,21.46850069,-106.94,-39.25
42828,130.89807304,-33.18638557,-14.28,10.6
42884,131.09977937,-42.64927601,-23.88,19.46
42911,131.17124835,18.15430871,-17.1,-228.46
42913,131.17594322,-54.70882109,28.78,-104.14
44659,136.49319468,5.09231573,-18.97,-11.01
44700,136.63236217,38.45221539,-28.37,-14.34
44798,136.93671783,10.668191,-20.36,-9.96
44816,136.99899358,-43.43258935,-23.21,14.28
44901,137.21773434,51.60464833,-137.81,-32.48
44946,137.33972349,22.04544558,-0.48,-0.7
46701,142.80549519,-57.03437682,-32.58,6.08
46733,142.88211727,63.06186073,107.55,26.86
46750,142.930117,22.96797056,-19.38,-39.04
46771,142.9864117,11.29982653,-89.92,-84.0
46776,142.99553372,-1.18466379,-11.42,-3.87
46853,143.21430974,51.67730022,-947.06,-535.6
46952,143.55575799,36.39755774,6.82,-22.89
46977,143.62024899,69.83034278,-63.9,77.59
48883,149.55573249,12.4448003,-25.28,-16.07
49029,150.05336089,8.04422312,-30.06,-22.11
50801,155.58225241,41.49951638,-80.47,34.1
51069,156.52261134,-16.83629043,-128.51,-80.06
52911,162.31429178,10.54520211,-4.37,-24.39
52943,162.40620179,-16.19364835,92.77,199.02
54872,168.52708898,20.52371682,143.31,-130.43
54879,168.56002157,15.42957019,-59.01,-79.37
55203,nan,nan,nan,nan
55219,169.61973665,33.09430567,-26.61,27.51
56922,175.05328812,-34.74465977,-44.04,-1.84
57283,176.19073179,-18.35067436,27.15,-24.56
59196,182.08958257,-50.72242559,-47.53,-6.42
59199,182.10340415,-24.72887552,100.18,-39.33
59316,182.53116941,-22.61976647,-71.52,10.55
61084,187.79149709,-57.11321169,27.94,-264.33
61174,188.01761238,-16.19600753,-424.37,-58.41
61281,188.37060139,69.78823768,-58.14,11.42
61317,188.43560252,41.35747975,-705.06,292.93
61359,188.59681092,-23.39675917,0.86,-56.0
63090,193.90086578,3.39747026,-471.44,-52.81
63125,194.00694736,38.3183798,-233.43,54.98
65378,200.9814288,54.92536175,121.23,-22.01
65474,201.29824701,-11.16132203,-42.5,-31.73
67172,206.48466354,-12.42652777,-19.18,8.0
67234,206.66407543,-51.43276572,10.33,-27.98
67275,206.81559553,17.45690604,-480.33,54.18
67301,206.88515682,49.31326506,-121.23,-15.56
67459,207.36933786,15.7979049,-93.64,40.76
67464,207.37615454,-41.68770924,-26.01,-20.38
67472,207.40412075,-42.47373178,-23.85,-19.22
67494,207.46784793,-18.13416784,-99.34,-37.71
69427,213.22394074,-10.2737018,8.04,140.79
69483,213.37086581,51.78996497,61.39,-10.57
71284,218.67007099,29.74512993,188.32,132.72
71352,218.87676586,-42.15782447,-35.31,-32.44
73334,224.79035436,-42.10419383,-17.76,-21.33
73473,225.24311921,-8.51894314,-66.2,-3.4
73555,225.48650975,40.39056569,-40.2,-29.22
73568,225.52711814,25.00813833,-5.88,-48.6
75411,231.12261592,37.37716675,-147.68,84.69
75458,231.23239471,58.96606559,-8.27,17.3
75695,231.95721171,29.10570271,-181.39,86.84
77450,237.18490342,18.14156366,-51.78,-88.72
77512,237.39852576,26.06839434,-79.85,-63.78
77516,237.40503496,-3.43020774,-98.07,-27.41
77622,237.70402545,4.47773018,127.98,61.87
77634,237.73974002,-33.62716543,-5.92,-24.91
77661,237.81628738,20.97791921,-54.7,17.99
77760,238.16892286,42.45151803,438.97,629.52
79593,243.58641439,-3.69432297,-45.83,-142.91
79822,244.37619927,75.75533045,-89.94,257.8
81660,250.22966402,64.58904622,-0.04,-16.18
81693,250.32150123,31.60272561,-462.58,345.05
81833,250.72402184,38.92225448,35.58,-84.98
83608,256.33381676,54.4700426,-66.0,73.86
83838,257.00859765,35.9351736,-24.25,-17.05
83895,257.19664842,65.71468331,-20.76,19.15
85670,262.60817511,52.30138713,-15.59,11.57
85693,262.68462483,26.11064528,18.39,16.78
85696,262.69098221,-37.29581099,-4.19,-29.14
85755,262.85397499,-23.96264331,4.91,-25.9
85792,262.96038867,-49.8761448,-31.27,-67.15
85805,262.9911197,68.13502439,-13.56,132.7
85819,263.04404057,55.1842426,148.53,54.24
85822,263.05416851,86.58646042,10.54,53.97
85927,263.40216661,-37.10382115,-8.9,-29.95
87808,269.06325226,37.25053918,2.74,7.24
87833,269.15154113,51.48889499,-8.52,-23.05
87933,269.44119041,29.24787975,82.33,-18.73
87998,269.6256225,30.18927677,-0.48,3.23
89908,275.18929342,71.33781433,-5.91,35.79
89931,275.24850731,-29.82810326,29.96,-26.38
89937,275.26409444,72.73284302,531.08,-351.59
89962,275.32750318,-2.89882514,-547.57,-700.72
91755,280.65813956,55.53945722,-2.65,23.36
91875,280.94559142,-38.32344141,1.12,-53.81
91919,281.08477214,39.67012325,10.55,60.23
91971,281.1931559,37.60511483,29.26,26.57
92041,281.41411035,-26.99077831,51.15,0.45
93805,286.56224338,-4.88255421,-19.68,-90.37
93825,286.60462682,-37.06343689,96.93,-279.67
93864,286.7350369,-27.67042304,-50.79,-250.51
94005,287.08737435,-40.49670284,48.05,-26.84
94114,287.36809043,-37.90447444,85.73,-96.65
94141,287.44097099,-21.02361486,-1.17,-36.83
95853,292.42649598,51.72977887,20.92,128.12
95947,292.68033578,27.95968112,-7.09,-5.63
96100,293.08996173,69.6611754,598.43,-1738.81
98032,298.81540582,-41.86828808,23.37,51.6
98036,298.82830569,6.40676346,46.35,-481.32
98066,298.95982398,-26.29950635,203.96,74.4
98103,299.05938319,11.42372089,32.4,4.57
98110,299.0765497,35.08342371,-34.0,-27.6
98162,299.23679661,-27.16989884,9.6,-14.95
100064,304.51356413,-12.54485184,61.78,2.85
100195,304.84835064,-19.11853329,7.96,-10.9
101984,310.01226894,-18.13865887,-22.73,-21.63
102098,310.35797809,45.280338,1.56,1.55
102281,310.86472445,15.07458079,-19.61,-41.74
104060,316.23276153,43.92785207,8.6,0.35
104139,316.48678349,-17.23286077,79.64,-61.64
104234,316.78194974,-25.00585337,-27.19,-43.37
104365,317.14010247,-21.19366933,18.67,-59.22
106278,322.88972517,-5.57117221,22.79,-6.7
110273,335.04965231,-7.82110201,15.21,1.61
110395,335.41406405,-1.38733152,129.24,8.9
112440,341.63282775,23.56565397,56.99,-10.46
112447,341.67325244,12.17288788,233.06,-492.04
112529,341.88801764,-19.61337502,-102.2,-205.95
114341,347.36165473,-21.1724096,55.99,31.25
114375,347.47874826,-22.45761141,35.92,-7.79
116584,354.39101047,46.45815183,159.22,-421.46
116591,354.41483272,-13.06024332,34.83,25.77
116631,354.53417222,43.26807316,27.72,-1.21
14293,46.06881559,-7.60085702,65.43,17.41
14328,46.19912802,53.50644013,0.5,-4.19
16369,52.71824299,12.93667809,18.94,-1.55
20455,65.73372189,17.5425142,107.75,-28.84
22509,72.65300729,8.90017585,-0.87,-31.57
26594,84.79644308,4.12146684,0.76,0.07
34769,107.96608433,-0.49276432,-0.22,6.68
36850,113.64942834,31.88827629,-206.33,-148.18
38901,119.41710953,-30.33456968,-8.11,7.14
45038,137.5981063,67.13401804,12.88,-90.85
55282,169.83519815,-14.7785414,-124.47,206.61
57328,176.32099986,8.25811933,59.66,-22.8
61394,188.71283963,22.62925895,-57.42,28.53
73714,226.0175648,-25.28196464,-71.85,-44.69
77811,238.33357736,-20.16704023,-3.61,-19.0
88048,269.75663119,-9.77363197,-10.31,-116.12
94160,287.50732036,-39.34079617,5.89,-36.78
96229,293.52230372,7.3789415,212.76,-155.39
100310,305.1659006,-12.75907959,15.71,-14.63
100345,305.25281519,-14.78136716,48.42,14.0
116727,354.83687081,77.63227593,-48.85,127.18
