Name,PtolLon,PtolLat,HIP
1,60.166666666666664,66.0,11767
2,62.5,70.0,85822
3,70.16666666666667,74.33333333333333,82080
4,89.66666666666667,75.66666666666667,77055
5,93.66666666666667,77.66666666666667,79822
6,107.5,72.83333333333333,72607
7,116.16666666666667,74.83333333333333,75097
8,103.0,71.16666666666667,70692
1,85.33333333333333,39.833333333333336,41704
2,85.83333333333333,43.0,42080
3,86.33333333333333,43.0,42527
4,86.16666666666667,47.166666666666664,44390
5,86.66666666666667,47.0,45038
6,88.16666666666667,50.5,46977
7,90.5,43.833333333333336,45075
8,92.5,44.333333333333336,46733
9,99.0,42.0,48319
10,101.0,44.0,48402
11,100.66666666666667,35.0,46853
12,95.5,29.333333333333332,44127
13,96.33333333333333,28.333333333333332,44471
14,95.66666666666667,36.0,45493
15,95.83333333333333,33.0,44901
16,107.66666666666667,49.0,54061
17,112.16666666666667,44.5,53910
18,123.16666666666667,51.0,59774
19,123.0,46.5,58001
20,112.66666666666667,29.333333333333332,50372
21,114.16666666666667,28.25,50801
22,121.66666666666667,35.25,54539
23,129.83333333333334,25.833333333333332,55219
24,130.33333333333334,25.0,55203
25,132.16666666666666,53.5,62956
26,138.0,55.666666666666664,65378
27,149.83333333333334,54.0,67301
28,147.83333333333334,39.75,63125
29,140.16666666666666,41.333333333333336,61317
30,105.0,17.25,45860
31,103.33333333333333,19.166666666666668,45688
32,106.16666666666667,20.0,46952
33,102.16666666666667,22.5,44248
34,101.16666666666667,20.333333333333332,44700
35,90.0,22.25,41075
1,206.66666666666666,76.5,83608
2,221.83333333333334,78.5,85819
3,223.16666666666666,75.66666666666667,85670
4,237.33333333333334,80.33333333333333,87585
5,239.66666666666666,75.5,87833
6,264.6666666666667,82.33333333333333,90156
7,272.3333333333333,78.25,91755
8,268.8333333333333,80.33333333333333,90905
9,289.5,81.5,92512
10,338.0,81.66666666666667,95081
11,350.5,83.0,94376
12,7.666666666666667,78.83333333333333,97433
13,352.8333333333333,77.83333333333333,98702
14,10.666666666666666,80.5,96100
15,21.666666666666668,81.33333333333333,92782
16,26.166666666666668,80.25,94648
17,73.33333333333333,84.5,86614
18,50.333333333333336,83.5,89937
19,41.833333333333336,84.83333333333333,89908
20,118.66666666666667,87.5,85805
21,111.66666666666667,86.83333333333333,86201
22,159.0,81.25,81660
23,159.33333333333334,83.0,82860
24,158.33333333333334,84.83333333333333,83895
25,160.0,78.0,80331
26,163.0,74.66666666666667,78527
27,162.66666666666666,70.0,75458
28,127.33333333333333,64.66666666666667,67627
29,131.16666666666666,65.5,68756
30,109.16666666666667,61.25,61281
31,103.16666666666667,56.25,56211
1,35.0,75.66666666666667,99255
2,33.0,64.25,116727
3,7.333333333333333,71.16666666666667,106032
4,346.6666666666667,69.0,105199
5,339.3333333333333,72.0,102422
6,340.0,74.0,101093
7,358.5,65.5,108917
8,7.5,62.5,112724
9,346.3333333333333,60.25,109857
10,347.3333333333333,61.25,109492
11,349.0,61.333333333333336,109556
12,343.6666666666667,64.0,107259
13,351.3333333333333,59.5,110991
1,152.33333333333334,58.666666666666664,69483
2,154.16666666666666,58.333333333333336,69713
3,155.33333333333334,60.166666666666664,70497
4,159.66666666666666,54.666666666666664,69732
5,169.66666666666666,49.0,71075
6,176.66666666666666,53.833333333333336,73555
7,185.66666666666666,48.666666666666664,74666
8,185.66666666666666,53.25,75411
9,185.0,57.5,76041
10,187.66666666666666,46.5,75312
11,188.5,45.5,74596
12,188.16666666666666,41.333333333333336,73996
13,186.66666666666666,41.666666666666664,74087
14,187.0,42.5,73745
15,187.33333333333334,40.333333333333336,73568
16,180.0,40.25,72105
17,175.66666666666666,41.666666666666664,71284
18,175.0,42.166666666666664,71053
19,185.33333333333334,28.0,71795
20,171.33333333333334,28.0,67927
21,170.5,26.5,67275
22,171.33333333333334,25.0,67459
23,177.0,31.5,69673
1,194.66666666666666,44.5,76267
2,191.66666666666666,46.5,75695
3,191.83333333333334,48.0,76127
4,193.66666666666666,50.5,77048
5,197.16666666666666,44.75,76952
6,199.16666666666666,44.833333333333336,77512
7,201.33333333333334,46.166666666666664,78159
8,201.66666666666666,49.333333333333336,78493
1,227.66666666666666,37.5,84345
2,213.66666666666666,43.0,80816
3,211.66666666666666,40.166666666666664,80170
4,208.0,37.166666666666664,79043
5,226.66666666666666,48.0,84379
6,232.0,49.5,85693
7,237.66666666666666,52.0,86974
8,245.5,52.833333333333336,88794
9,241.66666666666666,54.0,87998
10,241.5,53.0,87933
11,213.83333333333334,53.166666666666664,81693
12,220.16666666666666,53.5,83207
13,220.0,56.5,83313
14,221.16666666666666,58.5,83838
15,224.0,59.833333333333336,84380
16,225.33333333333334,60.333333333333336,84606
17,226.33333333333334,61.25,85112
18,240.83333333333334,61.0,87808
19,232.16666666666666,69.33333333333333,86414
20,225.33333333333334,70.25,84835
21,226.83333333333334,71.25,85379
22,229.66666666666666,72.25,86182
23,210.66666666666666,60.25,81833
24,205.33333333333334,63.0,81126
25,195.66666666666666,65.5,79992
26,193.66666666666666,63.666666666666664,79101
27,190.16666666666666,64.25,78592
28,191.16666666666666,60.0,77760
29,185.0,57.5,76041
30,212.66666666666666,38.166666666666664,80463
1,257.3333333333333,62.0,91262
2,260.3333333333333,62.666666666666664,91919
3,260.3333333333333,61.0,91971
4,263.6666666666667,60.0,92791
5,272.0,61.333333333333336,94481
6,271.6666666666667,60.333333333333336,94713
7,261.0,56.166666666666664,92420
8,260.8333333333333,55.0,92405
9,264.1666666666667,55.333333333333336,93194
10,264.1666666666667,54.75,93279
1,274.5,49.0,95947
2,279.0,50.5,96683
3,286.3333333333333,54.5,98110
4,298.5,57.333333333333336,100453
5,309.1666666666667,60.0,102098
6,289.3333333333333,64.66666666666667,97165
7,292.5,69.66666666666667,96441
8,291.1666666666667,71.5,95853
9,286.6666666666667,74.0,94779
10,300.8333333333333,49.5,102488
11,303.8333333333333,52.166666666666664,102589
12,306.6666666666667,44.0,104732
13,310.0,55.166666666666664,103413
14,314.5,57.0,104060
15,301.1666666666667,64.0,99675
16,302.6666666666667,64.5,99848
17,312.1666666666667,64.75,101138
18,310.6666666666667,49.666666666666664,104887
19,313.8333333333333,51.666666666666664,105102
1,7.833333333333333,45.333333333333336,2920
2,10.833333333333334,46.75,3179
3,13.0,47.833333333333336,3821
4,16.666666666666668,49.0,4427
5,20.666666666666668,45.5,6686
6,27.0,47.75,8886
7,31.666666666666668,47.333333333333336,9312
8,14.666666666666666,44.333333333333336,5542
9,17.666666666666668,45.0,6242
10,2.3333333333333335,50.0,118243
11,15.0,52.666666666666664,2599
12,7.833333333333333,51.666666666666664,746
13,3.6666666666666665,51.666666666666664,117863
2,31.166666666666668,37.5,13268
3,32.666666666666664,34.5,14328
4,27.5,32.333333333333336,12777
5,30.666666666666668,34.5,13531
6,31.5,31.166666666666668,14632
7,34.833333333333336,30.0,15863
8,35.333333333333336,27.833333333333332,16335
9,37.0,27.666666666666668,16826
10,37.666666666666664,27.333333333333332,17358
11,30.5,27.0,14668
12,29.666666666666668,23.0,14576
13,29.166666666666668,21.0,14817
14,27.666666666666668,21.0,14354
15,26.833333333333332,22.25,13879
16,44.833333333333336,28.0,20070
17,43.0,28.166666666666668,19167
18,42.333333333333336,25.0,19343
19,44.0,26.25,19812
20,44.166666666666664,24.5,20354
21,46.333333333333336,18.75,21476
22,36.833333333333336,21.833333333333332,17529
23,38.666666666666664,19.25,18532
24,38.333333333333336,14.75,18614
25,34.166666666666664,12.0,17448
26,36.333333333333336,11.0,18246
27,41.833333333333336,18.0,19811
28,45.0,31.0,19949
29,24.666666666666668,20.666666666666668,13254
1,62.5,30.0,28358
2,62.333333333333336,31.833333333333332,27949
3,55.0,22.5,24608
4,62.833333333333336,20.0,28360
5,61.166666666666664,15.25,27673
6,62.833333333333336,13.333333333333334,28380
7,52.0,20.666666666666668,23416
8,52.166666666666664,18.0,23767
9,52.0,18.0,23453
10,49.833333333333336,10.166666666666666,23015
11,55.666666666666664,5.0,25428
12,56.0,8.5,25984
13,56.333333333333336,12.166666666666666,25541
1,234.83333333333334,36.0,86032
2,238.0,27.25,86742
3,239.0,26.5,87108
4,223.33333333333334,33.0,82673
5,224.66666666666666,31.833333333333332,83000
6,218.33333333333334,24.5,80883
7,215.0,17.0,79593
8,216.0,16.5,79882
9,236.66666666666666,15.0,86284
10,242.33333333333334,13.666666666666666,88048
11,243.33333333333334,14.333333333333334,88404
12,231.16666666666666,7.5,84012
13,233.66666666666666,2.25,84893
14,233.0,-2.25,84405
15,234.33333333333334,-1.5,84970
16,235.0,-0.3333333333333333,85340
17,235.83333333333334,-0.25,85755
18,237.16666666666666,1.0,86736
19,222.16666666666666,11.833333333333334,81377
20,221.66666666666666,5.333333333333333,80894
21,220.66666666666666,3.1666666666666665,80569
22,219.83333333333334,1.6666666666666665,80343
23,222.33333333333334,0.6666666666666666,80975
24,220.66666666666666,-0.75,80473
25,242.0,28.166666666666668,88149
26,242.66666666666666,26.333333333333332,88192
27,243.0,25.0,88290
28,243.66666666666666,27.0,88601
29,244.66666666666666,33.0,88771
1,198.83333333333334,38.0,76852
2,201.66666666666666,40.0,77661
3,204.33333333333334,36.0,78072
4,202.0,34.25,77233
5,201.33333333333334,37.25,77450
6,203.16666666666666,42.5,78554
7,201.66666666666666,29.25,76276
8,204.83333333333334,26.5,77257
9,204.33333333333334,25.333333333333332,77070
10,206.33333333333334,24.0,77622
11,208.83333333333334,16.5,77516
12,218.16666666666666,13.25,80628
13,233.66666666666666,10.5,84880
14,237.0,8.5,86263
15,237.83333333333334,10.833333333333334,86565
16,243.66666666666666,20.0,88175
17,248.66666666666666,21.166666666666668,89962
18,258.3333333333333,27.0,92946
1,280.1666666666667,39.333333333333336,98337
2,276.6666666666667,39.166666666666664,97496
3,275.8333333333333,39.5,97365
4,274.6666666666667,39.0,96757
5,273.3333333333333,38.666666666666664,96837
1,277.1666666666667,26.833333333333332,98823
2,274.8333333333333,27.166666666666668,98036
3,273.8333333333333,29.166666666666668,97649
4,274.6666666666667,30.0,97675
5,273.1666666666667,31.5,97278
6,276.0,31.5,98103
7,269.6666666666667,28.666666666666668,96229
8,271.1666666666667,26.666666666666668,96665
9,262.1666666666667,36.666666666666664,93747
10,273.6666666666667,21.666666666666668,97804
11,278.8333333333333,19.166666666666668,99473
12,266.0,25.0,95501
13,268.5,20.0,96468
14,269.6666666666667,15.5,96483
15,261.1666666666667,18.166666666666668,93805
1,287.6666666666667,29.166666666666668,101421
2,288.6666666666667,29.0,101800
3,288.6666666666667,27.75,101916
4,288.5,32.0,101769
5,290.1666666666667,33.833333333333336,101958
6,291.3333333333333,32.0,102281
7,293.1666666666667,33.166666666666664,102532
8,287.5,30.25,101483
9,287.5,31.833333333333332,101589
10,289.0,31.5,101882
1,296.3333333333333,20.5,104987
2,298.0,20.666666666666668,105570
3,296.3333333333333,25.5,104521
4,297.6666666666667,25.0,104858
1,347.8333333333333,26.0,677
2,342.1666666666667,12.5,1067
3,332.1666666666667,31.0,113881
4,326.6666666666667,19.666666666666668,113963
5,334.5,25.5,115250
6,335.0,25.0,115623
7,329.0,35.0,112158
8,328.5,34.5,112051
9,326.1666666666667,29.0,112440
10,327.0,29.5,112748
11,318.8333333333333,18.0,112029
12,320.5,19.0,112447
13,321.3333333333333,15.0,113186
14,320.5,16.0,112935
15,309.3333333333333,16.5,109427
16,308.0,16.0,109068
17,305.3333333333333,22.5,107315
18,323.3333333333333,41.166666666666664,109410
19,317.3333333333333,34.25,109176
20,312.3333333333333,36.833333333333336,107354
1,355.3333333333333,24.5,3092
2,356.3333333333333,27.0,2912
3,354.3333333333333,23.0,3031
4,353.6666666666667,32.0,1473
5,354.6666666666667,33.5,1366
6,355.0,32.333333333333336,1686
7,349.6666666666667,41.0,116631
8,350.6666666666667,42.0,116805
9,352.1666666666667,44.0,116584
10,354.1666666666667,17.5,3693
11,355.6666666666667,15.833333333333334,4463
12,3.8333333333333335,26.333333333333332,5447
13,1.8333333333333335,30.0,4436
14,2.0,32.5,3881
15,16.833333333333332,28.0,9640
16,17.166666666666668,37.333333333333336,8068
17,15.166666666666666,35.666666666666664,7607
18,12.333333333333334,29.0,7513
19,12.0,28.0,7818
20,10.166666666666666,35.5,5434
21,12.666666666666666,34.5,6999
22,14.166666666666666,32.5,7719
23,341.6666666666667,44.0,113726
1,11.0,16.5,8796
2,16.0,20.666666666666668,10064
3,16.333333333333332,19.666666666666668,10644
4,16.833333333333332,19.0,10670
1,6.666666666666667,7.333333333333333,8832
2,7.666666666666667,8.333333333333334,8903
3,11.0,7.666666666666667,10306
4,11.5,6.0,10732
5,6.5,5.5,9110
6,17.666666666666668,6.0,12332
7,21.333333333333332,4.833333333333333,13914
8,23.833333333333332,1.6666666666666665,14838
9,25.333333333333332,2.5,15110
10,27.0,1.8333333333333335,15737
11,19.666666666666668,1.5,13654
12,18.0,-1.5,13327
13,15.0,-5.25,12828
14,10.666666666666666,10.0,9884
15,21.666666666666668,10.166666666666666,13209
16,21.333333333333332,12.666666666666666,13061
17,19.666666666666668,11.166666666666666,12719
18,19.166666666666668,10.666666666666666,12489
1,26.333333333333332,-6.0,16369
2,26.0,-7.25,16322
3,24.333333333333332,-8.5,16083
4,24.333333333333332,-9.25,15900
5,29.666666666666668,-9.5,17771
6,33.666666666666664,-8.0,18724
7,36.666666666666664,-12.666666666666666,19860
8,33.0,-14.833333333333334,18907
9,42.166666666666664,-10.0,21589
10,43.0,-13.0,21402
11,39.0,-5.75,20205
12,40.333333333333336,-4.25,20455
13,40.833333333333336,-5.833333333333333,20885
14,42.666666666666664,-5.166666666666667,21421
15,41.833333333333336,-3.0,20889
16,47.166666666666664,-4.0,22565
17,50.333333333333336,-5.0,23835
18,50.0,-3.5,23871
19,57.666666666666664,-2.5,26451
20,45.666666666666664,-0.25,21881
21,55.666666666666664,5.0,25428
22,42.0,0.5,20711
23,41.666666666666664,0.25,20635
24,37.0,0.6666666666666666,19038
25,39.0,-1.0,19990
26,38.5,5.0,19513
27,38.0,7.333333333333333,19205
28,42.0,3.0,20430
29,41.666666666666664,5.0,20250
30,32.166666666666664,4.5,17531
31,32.5,3.6666666666666665,17499
32,33.666666666666664,3.3333333333333335,17847
33,33.666666666666664,5.0,17954
34,25.0,-17.5,16852
35,50.0,-2.0,23497
36,54.0,-1.75,24822
37,56.0,-2.0,25539
38,59.0,-6.333333333333333,25945
39,59.0,-7.666666666666667,26777
40,57.0,0.6666666666666666,26248
41,59.0,1.0,26640
42,61.0,1.3333333333333333,27468
43,62.333333333333336,3.3333333333333335,27830
44,63.333333333333336,1.25,28237
1,83.33333333333333,9.5,36850
2,86.66666666666667,6.25,37826
3,76.66666666666667,10.0,33018
4,78.66666666666667,7.333333333333333,34693
5,82.0,5.5,36046
6,84.0,4.833333333333333,36962
7,86.66666666666667,2.6666666666666665,37740
8,81.66666666666667,2.6666666666666665,35846
9,83.16666666666667,0.3333333333333333,36238
10,73.0,1.5,32246
11,78.25,-2.5,34088
12,81.66666666666667,-0.5,35550
13,81.66666666666667,-6.0,35350
14,66.5,-1.5,29655
15,68.5,-1.25,30343
16,70.16666666666667,-3.5,30883
17,72.0,-7.5,31681
18,74.66666666666667,-10.5,32362
19,64.16666666666667,-0.6666666666666666,28734
20,66.5,5.833333333333333,29696
21,75.16666666666667,-2.25,32921
22,88.33333333333333,-1.3333333333333333,37908
23,86.33333333333333,-3.3333333333333335,37300
24,86.0,-4.5,36616
25,90.66666666666667,-2.6666666666666665,39177
2,97.66666666666667,1.25,41909
3,98.0,-1.1666666666666667,41822
4,100.33333333333333,2.6666666666666665,42806
5,101.33333333333333,-0.16666666666666666,42911
6,106.5,-5.5,44066
7,98.33333333333333,11.833333333333334,43103
8,92.66666666666667,1.0,39780
9,97.16666666666667,-7.5,40526
10,109.66666666666667,-2.3333333333333335,45410
11,111.16666666666667,-5.666666666666667,44798
12,104.0,7.25,44405
13,107.0,4.833333333333333,44946
1,108.33333333333333,10.0,46146
2,111.16666666666667,7.5,46750
3,114.33333333333333,12.0,48455
4,114.16666666666667,9.5,47908
5,120.16666666666667,11.0,50335
6,122.16666666666667,8.5,50583
7,120.66666666666667,4.5,49583
8,122.5,0.16666666666666666,49669
9,123.5,-1.8333333333333335,49637
10,120.0,-0.25,48883
11,117.33333333333333,0.0,47723
12,114.16666666666667,-3.6666666666666665,46771
13,117.33333333333333,-4.166666666666667,47508
14,122.5,-4.25,49029
15,129.16666666666666,-0.16666666666666666,51624
16,127.0,4.0,51585
17,130.33333333333334,5.333333333333333,52689
18,132.16666666666666,2.3333333333333335,52911
19,131.33333333333334,12.25,53954
20,134.16666666666666,13.666666666666666,54872
21,134.33333333333334,11.166666666666666,55765
22,136.33333333333334,9.666666666666666,54879
23,140.33333333333334,5.833333333333333,55642
24,141.66666666666666,1.25,55434
25,144.66666666666666,-0.8333333333333334,55945
26,147.5,-3.1666666666666665,56647
27,144.5,11.833333333333334,57632
28,126.0,13.333333333333334,52457
29,128.16666666666666,15.5,53417
30,137.5,1.1666666666666667,54182
31,137.16666666666666,-0.5,53824
32,138.0,-2.6666666666666665,53807
33,144.83333333333334,30.0,60742
34,144.33333333333334,25.0,59847
35,148.5,25.5,61394
1,146.33333333333334,4.25,57380
2,146.0,5.666666666666667,57328
3,150.66666666666666,8.0,58948
4,150.5,5.5,58590
5,149.0,0.16666666666666666,57757
6,158.25,1.1666666666666667,60129
7,163.16666666666666,2.8333333333333335,61941
8,167.5,2.8333333333333335,63494
9,171.0,1.6666666666666665,64238
10,164.33333333333334,8.5,63090
11,158.16666666666666,13.5,61960
12,160.16666666666666,11.666666666666666,62267
13,162.16666666666666,15.166666666666666,63608
14,176.66666666666666,-2.0,65474
15,174.83333333333334,8.666666666666666,66249
16,176.33333333333334,3.3333333333333335,66006
17,177.25,0.16666666666666666,66098
18,180.0,1.5,66803
19,178.0,-3.0,65581
20,181.66666666666666,-1.5,67172
21,178.0,8.5,67929
22,186.66666666666666,7.5,69701
23,187.33333333333334,2.6666666666666665,69427
24,188.33333333333334,11.666666666666666,70755
25,190.0,0.5,69974
26,192.66666666666666,9.833333333333334,71957
27,164.66666666666666,-3.5,61740
28,169.0,-3.5,62985
29,172.25,-3.3333333333333335,64078
30,177.16666666666666,-7.166666666666667,64407
31,178.16666666666666,-8.333333333333334,64924
32,185.0,-7.833333333333333,67494
1,198.0,0.6666666666666666,72622
2,197.0,2.5,72489
3,202.16666666666666,8.833333333333334,74785
4,197.66666666666666,8.5,73473
5,204.0,-1.6666666666666665,74392
6,201.33333333333334,1.25,73945
7,207.83333333333334,4.75,76333
8,213.0,3.5,77853
9,206.16666666666666,9.0,76219
10,213.66666666666666,6.666666666666667,78207
11,214.33333333333334,9.25,78727
12,213.5,0.5,77811
13,210.66666666666666,0.3333333333333333,76880
14,211.16666666666666,-1.5,76742
15,203.0,-7.5,73714
16,211.16666666666666,-8.5,76470
17,212.0,-9.666666666666666,76600
1,216.33333333333334,1.3333333333333333,78820
2,215.66666666666666,-1.6666666666666665,78401
3,215.66666666666666,-5.0,78265
4,216.0,-7.833333333333333,78104
5,217.0,1.6666666666666665,79374
6,216.33333333333334,0.5,78933
7,220.66666666666666,-3.75,80112
8,222.66666666666666,-4.0,80763
9,224.5,-5.5,81266
10,219.33333333333334,-6.5,79404
11,220.66666666666666,-6.666666666666667,79881
12,228.5,-11.0,82396
13,228.83333333333334,-15.0,82514
14,230.0,-18.0,82729
15,230.16666666666666,-18.666666666666668,82671
16,233.16666666666666,-19.5,84143
17,238.16666666666666,-18.833333333333332,86228
18,240.5,-16.666666666666668,87073
19,239.0,-15.166666666666666,86670
20,237.5,-13.333333333333334,85927
21,237.0,-13.5,85696
22,241.16666666666666,-13.25,87261
23,235.5,-6.166666666666667,85423
24,239.5,-4.166666666666667,87072
1,244.5,-6.5,88635
2,247.66666666666666,-6.5,89931
3,248.0,-10.833333333333334,90185
4,249.0,-1.5,90496
5,246.66666666666666,2.8333333333333335,89341
6,255.33333333333334,-3.1666666666666665,92855
7,253.0,-3.5,92041
8,255.16666666666666,0.75,92761
9,255.66666666666666,2.1666666666666665,93085
10,257.6666666666667,1.5,93683
11,259.1666666666667,2.0,94141
12,261.3333333333333,2.8333333333333335,94820
13,262.3333333333333,4.5,95168
14,262.8333333333333,6.5,95176
15,265.6666666666667,5.5,96808
16,269.5,5.833333333333333,97063
17,267.6666666666667,2.0,97290
18,262.6666666666667,-1.8333333333333335,95477
19,264.8333333333333,-2.8333333333333335,96465
20,260.0,-2.5,94643
21,257.6666666666667,-4.5,93864
22,256.3333333333333,-6.75,93506
23,257.6666666666667,-23.0,95241
24,257.0,-18.0,95347
25,246.66666666666666,-13.0,89642
26,267.3333333333333,-13.5,98412
27,266.8333333333333,-20.166666666666668,98032
28,267.6666666666667,-4.833333333333333,98066
29,268.8333333333333,-4.833333333333333,98353
30,268.8333333333333,-5.833333333333333,98162
31,269.6666666666667,-6.5,98688
1,277.3333333333333,7.333333333333333,100064
2,277.6666666666667,6.666666666666667,100310
3,277.3333333333333,5.0,100345
4,275.0,8.0,99572
5,279.0,0.75,101123
6,278.6666666666667,1.75,100881
7,278.8333333333333,1.5,101027
8,276.1666666666667,0.6666666666666666,100195
9,281.6666666666667,3.8333333333333335,101923
10,281.8333333333333,0.8333333333333334,101984
11,281.6666666666667,-8.666666666666666,102978
12,280.8333333333333,-6.5,102485
13,286.6666666666667,-7.666666666666667,104234
14,290.1666666666667,-6.833333333333333,105881
15,290.3333333333333,-6.0,106039
16,288.5,-4.25,104963
17,286.6666666666667,-4.0,104365
18,286.6666666666667,-2.8333333333333335,104019
19,286.6666666666667,0.0,104139
20,291.0,-0.8333333333333334,105515
21,293.3333333333333,-4.75,106723
22,295.0,-4.5,107188
23,294.8333333333333,-2.1666666666666665,106985
24,296.3333333333333,-2.0,107556
25,296.8333333333333,0.3333333333333333,107095
26,298.6666666666667,0.0,108036
27,297.6666666666667,2.8333333333333335,107517
28,298.6666666666667,4.333333333333333,107382
1,300.3333333333333,15.75,106944
2,306.3333333333333,11.0,109074
3,305.1666666666667,9.666666666666666,108874
4,296.5,8.833333333333334,106278
5,297.3333333333333,6.25,106786
6,287.6666666666667,5.5,104459
7,286.1666666666667,8.0,103045
8,284.6666666666667,8.666666666666666,102618
9,309.5,8.75,110395
10,311.6666666666667,10.75,110672
11,312.0,9.0,110960
12,313.3333333333333,8.5,111497
13,306.1666666666667,3.0,110003
14,307.0,3.1666666666666665,110273
15,308.6666666666667,-0.8333333333333334,111123
16,301.6666666666667,-1.6666666666666665,109139
17,303.1666666666667,0.25,109472
18,311.6666666666667,-7.5,113136
19,311.3333333333333,-5.0,112716
20,304.6666666666667,-5.666666666666667,110778
21,308.3333333333333,-10.0,112529
22,307.8333333333333,-9.0,112211
23,315.0,2.0,111710
24,314.8333333333333,0.16666666666666666,112961
25,317.6666666666667,-1.1666666666666667,113996
26,320.0,-0.5,114724
27,320.5,-1.6666666666666665,114939
28,319.0,-3.5,114855
29,319.8333333333333,-4.166666666666667,115033
30,320.8333333333333,-8.25,116591
31,322.6666666666667,-11.0,116758
32,323.1666666666667,-10.833333333333334,116971
33,321.6666666666667,-14.0,116901
34,322.1666666666667,-14.75,117089
35,323.1666666666667,-15.666666666666666,117629
36,317.0,-14.166666666666666,115438
37,318.3333333333333,-15.75,116247
38,317.5,-15.0,115669
39,311.8333333333333,-14.75,114119
40,312.3333333333333,-15.333333333333334,114375
41,313.1666666666667,-14.0,114341
42,307.0,-20.333333333333332,113368
43,326.6666666666667,-15.5,301
44,329.6666666666667,-14.666666666666666,910
45,329.0,-18.25,1170
1,321.6666666666667,9.25,113889
2,324.1666666666667,7.5,114971
3,326.0,9.333333333333334,115227
4,328.1666666666667,9.5,115830
5,330.6666666666667,7.5,116771
6,326.0,4.5,115738
7,329.6666666666667,3.5,116928
8,336.0,6.333333333333333,118268
9,341.0,5.75,1645
10,343.0,3.75,2548
11,347.1666666666667,2.25,3786
12,350.5,1.1666666666666667,4906
13,353.0,-0.16666666666666666,5737
14,352.3333333333333,-2.0,5346
15,353.0,-5.0,6061
16,356.5,-2.3333333333333335,7007
17,358.6666666666667,-4.666666666666667,7884
18,0.6666666666666666,-7.75,8833
19,2.5,-8.5,9487
20,0.5,-1.6666666666666665,8198
21,0.16666666666666666,1.8333333333333335,7535
22,0.6666666666666666,5.333333333333333,7097
23,0.5,9.0,6706
24,2.0,21.75,5544
25,1.6666666666666665,21.666666666666668,5586
26,358.6666666666667,20.0,4510
27,357.6666666666667,19.833333333333332,4366
28,357.0,20.333333333333332,3885
29,355.6666666666667,14.333333333333334,5131
30,356.3333333333333,13.25,5310
31,357.6666666666667,12.0,5571
32,2.1666666666666665,17.0,6193
33,359.8333333333333,15.333333333333334,5742
34,0.0,11.75,6492
35,331.1666666666667,-2.6666666666666665,118209
36,332.25,-2.5,145
37,330.6666666666667,-5.5,154
38,332.3333333333333,-5.5,443
1,17.666666666666668,-7.75,13954
2,17.666666666666668,-12.333333333333334,14135
3,12.666666666666666,-11.5,12706
4,10.5,-14.0,12387
5,10.166666666666666,-8.166666666666666,12093
6,12.666666666666666,-6.333333333333333,11484
7,7.666666666666667,-4.166666666666667,10324
8,3.0,-24.5,11345
9,3.3333333333333335,-28.0,11783
10,6.666666666666667,-25.166666666666668,12390
11,7.0,-27.5,12770
12,352.0,-25.333333333333332,8102
13,353.0,-30.833333333333332,9347
14,355.0,-20.0,8645
15,349.6666666666667,-15.666666666666666,6537
16,345.0,-15.666666666666666,5364
17,341.0,-13.666666666666666,3909
18,340.6666666666667,-14.666666666666666,4371
19,339.3333333333333,-13.0,3455
20,339.0,-14.0,3849
21,334.3333333333333,-9.666666666666666,1562
22,335.6666666666667,-20.333333333333332,3419
1,57.0,-13.5,26207
2,62.0,-17.0,27989
3,54.0,-17.5,25336
4,55.0,-18.0,25813
5,64.33333333333333,-14.5,28614
6,66.33333333333333,-11.833333333333334,29800
7,66.5,-10.0,29426
8,66.0,-9.75,29038
9,67.33333333333333,-8.25,29704
10,66.66666666666667,-8.25,29434
11,61.666666666666664,-3.75,27913
12,64.66666666666667,-4.25,28716
13,57.833333333333336,-19.666666666666668,26594
14,56.333333333333336,-20.0,26126
15,55.333333333333336,-20.166666666666668,25861
16,54.166666666666664,-20.666666666666668,25473
17,50.5,-8.0,24010
18,49.333333333333336,-8.166666666666666,23607
19,48.0,-10.25,22957
20,46.333333333333336,-12.833333333333334,22845
21,45.166666666666664,-14.25,22509
22,44.833333333333336,-15.833333333333334,22449
23,44.833333333333336,-17.166666666666668,22549
24,45.333333333333336,-20.333333333333332,22797
25,46.333333333333336,-21.5,23123
26,55.333333333333336,-24.166666666666668,25930
27,57.333333333333336,-24.833333333333332,26311
28,58.166666666666664,-25.666666666666668,26727
29,53.833333333333336,-25.833333333333332,25281
30,56.5,-28.333333333333332,26237
31,56.666666666666664,-29.166666666666668,26220
32,57.0,-29.833333333333332,26241
33,57.666666666666664,-30.666666666666668,26563
34,56.5,-30.833333333333332,25923
35,49.833333333333336,-31.5,24436
36,51.0,-30.25,24674
37,53.333333333333336,-31.166666666666668,25247
38,60.166666666666664,-33.5,27366
1,48.333333333333336,-31.833333333333332,23972
2,48.5,-28.25,23875
3,48.0,-29.833333333333332,23364
4,44.666666666666664,-28.25,22701
5,43.166666666666664,-25.833333333333332,22109
6,40.166666666666664,-25.333333333333332,21444
7,36.333333333333336,-26.0,20507
8,35.5,-27.0,19849
9,32.833333333333336,-27.833333333333332,19587
10,27.0,-32.833333333333336,18543
11,24.333333333333332,-31.0,17593
12,24.166666666666668,-28.833333333333332,17378
13,22.0,-28.0,16537
14,17.166666666666668,-25.5,15197
15,14.5,-23.833333333333332,14293
16,12.166666666666666,-23.333333333333332,14168
17,10.5,-23.25,13701
18,5.166666666666667,-32.166666666666664,12843
19,5.833333333333333,-34.833333333333336,13288
20,8.833333333333334,-38.5,14146
21,13.833333333333334,-38.166666666666664,15474
22,17.5,-39.0,16611
23,21.333333333333332,-41.333333333333336,17651
24,21.5,-42.5,17717
25,22.166666666666668,-43.25,18216
26,24.666666666666668,-43.333333333333336,18673
27,34.166666666666664,-50.333333333333336,21248
28,35.0,-51.75,21393
29,28.166666666666668,-53.833333333333336,20535
30,25.833333333333332,-53.166666666666664,20042
31,17.833333333333332,-53.0,17874
32,14.833333333333334,-53.5,17797
33,11.833333333333334,-52.5,17351
34,0.16666666666666666,-53.5,13847
1,49.666666666666664,-35.0,24244
2,49.833333333333336,-36.5,24327
3,51.333333333333336,-35.666666666666664,24873
4,51.333333333333336,-36.666666666666664,24845
5,49.166666666666664,-39.25,24305
6,46.166666666666664,-45.25,23685
7,55.833333333333336,-41.5,25985
8,54.833333333333336,-44.333333333333336,25606
9,61.0,-44.166666666666664,27654
10,59.0,-45.833333333333336,27072
11,60.0,-38.333333333333336,27288
12,62.666666666666664,-38.166666666666664,28103
1,77.66666666666667,-39.166666666666664,32349
2,79.66666666666667,-35.0,33160
3,81.33333333333333,-36.5,33345
4,83.33333333333333,-37.75,34045
5,85.33333333333333,-40.0,33347
6,80.5,-42.666666666666664,33302
7,76.16666666666667,-41.25,31700
8,76.0,-42.5,31592
9,71.0,-41.333333333333336,30324
10,74.66666666666667,-46.5,31125
11,76.16666666666667,-45.833333333333336,31416
12,84.66666666666667,-46.166666666666664,33977
13,81.66666666666667,-47.0,33152
14,86.66666666666667,-48.75,34444
15,83.66666666666667,-51.5,33579
16,83.0,-55.166666666666664,32759
17,69.66666666666667,-53.75,30122
18,92.16666666666667,-50.666666666666664,35904
19,79.5,-25.25,34769
20,70.0,-61.5,29034
21,71.33333333333333,-58.75,29807
22,73.0,-57.0,30277
23,74.16666666666667,-56.0,30788
24,58.0,-55.5,27204
25,60.333333333333336,-57.666666666666664,27810
26,62.333333333333336,-59.833333333333336,28199
27,59.0,-59.666666666666664,27628
28,56.0,-57.666666666666664,26634
29,52.166666666666664,-59.5,25859
1,85.0,-14.0,36188
2,89.16666666666667,-16.166666666666668,37279
1,100.33333333333333,-42.5,38835
2,104.33333333333333,-43.333333333333336,39757
3,98.83333333333333,-45.0,38170
4,98.66666666666667,-46.0,38070
5,95.33333333333333,-45.5,37173
6,96.33333333333333,-47.25,37229
7,95.33333333333333,-49.5,36917
8,99.33333333333333,-49.5,37677
9,98.5,-49.25,37648
10,104.0,-49.833333333333336,38901
11,94.0,-53.0,36514
12,94.0,-58.666666666666664,35264
13,100.16666666666667,-55.5,37096
14,102.16666666666667,-58.666666666666664,37297
15,103.66666666666667,-57.25,37819
16,106.5,-57.833333333333336,38455
17,111.16666666666667,-58.666666666666664,39429
18,108.16666666666667,-60.0,38414
19,111.0,-59.333333333333336,40096
20,113.16666666666667,-56.666666666666664,40091
21,114.33333333333333,-57.666666666666664,40326
22,125.66666666666667,-51.5,44191
23,126.16666666666667,-55.666666666666664,42884
24,124.0,-57.166666666666664,42312
25,129.16666666666666,-60.0,43023
26,129.0,-61.25,42570
27,120.16666666666667,-51.833333333333336,42515
28,119.33333333333333,-49.0,42828
29,118.0,-43.333333333333336,43409
30,119.0,-43.5,43825
31,134.16666666666666,-54.5,44816
32,137.5,-51.25,46651
33,101.16666666666667,-63.0,36377
34,109.0,-64.5,38164
35,120.0,-63.833333333333336,39953
36,128.5,-69.66666666666667,38827
37,135.16666666666666,-65.66666666666667,42536
38,141.33333333333334,-65.83333333333333,42726
39,146.0,-67.33333333333333,42913
40,151.0,-62.833333333333336,45941
41,158.0,-62.25,46701
42,64.0,-65.83333333333333,28328
43,80.16666666666667,-65.66666666666667,31685
44,77.16666666666667,-75.0,30438
45,89.0,-71.75,32768
1,104.0,-15.0,42402
2,103.33333333333333,-13.166666666666666,42313
3,105.33333333333333,-11.5,43109
4,105.5,-14.25,42799
5,107.5,-12.25,43813
6,110.33333333333333,-11.833333333333334,44659
7,113.33333333333333,-13.666666666666666,45336
8,118.83333333333333,-15.333333333333334,46776
9,120.66666666666667,-14.833333333333334,47431
10,118.5,-17.166666666666668,46509
11,119.16666666666667,-19.75,46404
12,120.0,-20.5,46390
13,126.0,-26.5,47452
14,128.66666666666666,-26.0,48356
15,131.16666666666666,-23.25,49402
16,138.0,-24.666666666666668,51069
17,140.0,-23.25,52085
18,143.0,-22.166666666666668,52943
19,151.5,-25.75,54682
20,152.33333333333334,-30.166666666666668,54204
21,162.16666666666666,-31.333333333333332,56343
22,164.5,-33.166666666666664,56922
23,166.16666666666666,-31.333333333333332,57936
24,180.0,-13.666666666666666,64962
25,193.5,-17.666666666666668,68895
26,102.5,-23.25,41307
27,131.0,-16.333333333333332,49841
1,146.33333333333334,-23.0,53740
2,152.5,-19.5,55705
3,150.0,-18.0,55282
4,157.0,-18.5,57283
5,149.33333333333334,-13.666666666666666,55687
6,159.16666666666666,-16.166666666666668,58188
7,151.66666666666666,-11.5,56633
1,165.33333333333334,-21.666666666666668,59199
2,164.33333333333334,-19.666666666666668,59316
3,166.66666666666666,-18.166666666666668,60189
4,163.5,-14.833333333333334,59803
5,166.66666666666666,-12.5,60965
6,167.0,-11.75,61174
7,170.5,-18.166666666666668,61359
1,190.5,-21.666666666666668,67457
2,190.0,-18.833333333333332,67786
3,189.16666666666666,-20.5,67153
4,190.0,-20.0,67669
5,186.16666666666666,-25.666666666666668,65109
6,195.66666666666666,-22.5,68933
7,189.16666666666666,-27.5,65936
8,198.16666666666666,-22.333333333333332,70090
9,199.16666666666666,-23.75,70300
10,202.0,-18.25,72010
11,202.5,-20.833333333333332,71865
12,193.33333333333334,-28.333333333333332,67464
13,194.0,-29.333333333333332,67472
14,195.16666666666666,-28.0,68245
15,196.33333333333334,-26.5,68862
16,202.83333333333334,-25.25,71352
17,207.5,-24.25,73334
18,198.0,-33.5,68002
19,197.66666666666666,-31.0,68523
20,196.83333333333334,-30.333333333333332,68282
22,189.0,-37.666666666666664,63945
23,185.83333333333334,-40.0,61932
24,185.0,-40.333333333333336,61622
25,182.66666666666666,-41.0,60823
26,182.66666666666666,-46.166666666666664,59196
27,183.5,-46.75,59449
28,198.33333333333334,-40.75,67234
29,196.33333333333334,-43.0,66657
30,197.66666666666666,-43.75,66821
31,190.0,-51.166666666666664,61084
32,195.33333333333334,-51.666666666666664,62434
33,186.33333333333334,-55.166666666666664,59747
34,191.16666666666666,-55.333333333333336,60718
35,218.33333333333334,-41.166666666666664,71681
36,204.16666666666666,-45.333333333333336,68702
37,194.66666666666666,-49.166666666666664,63003
1,208.0,-24.833333333333332,73273
2,205.83333333333334,-29.166666666666668,71860
3,211.0,-21.25,75141
4,214.16666666666666,-21.0,76297
5,213.0,-25.166666666666668,75264
6,210.16666666666666,-27.0,74117
7,210.5,-29.0,73807
8,214.66666666666666,-28.5,74911
9,213.66666666666666,-30.166666666666668,74376
10,215.66666666666666,-33.166666666666664,74395
11,202.0,-31.333333333333332,69996
12,201.83333333333334,-30.5,70104
13,203.0,-29.333333333333332,70576
14,218.83333333333334,-17.0,78384
15,219.33333333333334,-15.333333333333334,78918
16,215.66666666666666,-13.333333333333334,77634
17,216.66666666666666,-11.833333333333334,78106
18,207.16666666666666,-11.833333333333334,74604
19,206.5,-10.0,74857
1,237.66666666666666,-22.666666666666668,86092
2,243.0,-25.75,88714
3,236.33333333333334,-26.5,85792
4,230.66666666666666,-30.333333333333332,83153
5,235.16666666666666,-34.166666666666664,85267
6,235.0,-33.333333333333336,85258
7,230.83333333333334,-34.25,83081
1,249.16666666666666,-21.5,90422
2,251.66666666666666,-21.0,92308
3,253.16666666666666,-23.0,92630
4,254.83333333333334,-20.0,93542
5,256.1666666666667,-18.5,94005
6,257.0,-17.166666666666668,94160
7,256.8333333333333,-16.0,94114
8,256.5,-15.166666666666666,93825
9,255.16666666666666,-15.333333333333334,93174
10,254.66666666666666,-14.833333333333334,92989
11,251.83333333333334,-14.666666666666666,91875
12,249.66666666666666,-15.833333333333334,90887
13,249.16666666666666,-18.5,90982
1,307.0,-20.333333333333332,113368
2,300.6666666666667,-20.333333333333332,111188
3,304.1666666666667,-22.25,112948
4,305.3333333333333,-22.5,113246
5,304.3333333333333,-16.25,111954
6,295.1666666666667,-19.5,109285
7,301.1666666666667,-15.166666666666666,111045
8,298.8333333333333,-14.666666666666666,109789
9,295.1666666666667,-15.0,108661
10,291.8333333333333,-16.5,107608
11,291.0,-18.166666666666668,107380
12,290.1666666666667,-22.25,108085
13,278.0,-22.333333333333332,103127
14,281.1666666666667,-22.166666666666668,104738
15,284.0,-21.166666666666668,105854
16,282.0,-20.833333333333332,103882
17,283.8333333333333,-17.0,105140
18,283.8333333333333,-14.833333333333334,103738
